source_file	bids_file	sha256_identical_bytes	n_samples	n_channels	sfreq	n_trig_events
sub-1_task-categorySL1_eeg.edf	sub-01/ieeg/sub-01_task-categorySL_run-1_ieeg.edf	6026fd9053ddccbc320f012637471af284f3ec2adeb96a9a20f7e33ae6ad129d	626048	276	4096.0	240
sub-1_task-exemplarSL1_eeg.edf	sub-01/ieeg/sub-01_task-exemplarSL_run-1_ieeg.edf	cf0b24df6fda18b4cea938cb28636add31d6c56cd7a77e9a95a1d5c0a557034b	573056	276	4096.0	240
sub-1_task-random1_eeg.edf	sub-01/ieeg/sub-01_task-random_run-1_ieeg.edf	1736e81d433e6e7563ab9d23f76ba2fa89a8213ca70c416b3438f835453fc116	573056	276	4096.0	240
sub-2_task-categorySL1_eeg.edf	sub-02/ieeg/sub-02_task-categorySL_run-1_ieeg.edf	24d8d47366bf663e7a28ba75c9c503769e75515d486ba93b437b90ea3be4a0ba	730048	276	4096.0	240
sub-2_task-exemplarSL1_eeg.edf	sub-02/ieeg/sub-02_task-exemplarSL_run-1_ieeg.edf	e359e55e1af92bacf1f1e014dd611de6beb83d953214c590f1c3ad8146ce5a41	1069056	276	4096.0	240
sub-2_task-random1_eeg.edf	sub-02/ieeg/sub-02_task-random_run-1_ieeg.edf	291cca5ba447ac7e9ec7502371b938d3b50716d84e2020701af07c8540e1de03	651008	276	4096.0	240
sub-3_task-categorySL1_eeg.edf	sub-03/ieeg/sub-03_task-categorySL_run-1_ieeg.edf	44ce6e400ec880829f3ef456f8f591c54cdc0d26d33beefd81ea4fe7b7c94ab5	655040	276	4096.0	240
sub-3_task-categorySL2_eeg.edf	sub-03/ieeg/sub-03_task-categorySL_run-2_ieeg.edf	eff97498d47b2e3cddd7b45b0b13a14cd5fd49f051822d9641154338d8b04fd9	532032	276	4096.0	240
sub-3_task-exemplarSL1_eeg.edf	sub-03/ieeg/sub-03_task-exemplarSL_run-1_ieeg.edf	7b3c0d07ca89108e6cf1106fe798dee551f19b2d1d033c897f275aa54601a2b9	573056	276	4096.0	240
sub-3_task-random1_eeg.edf	sub-03/ieeg/sub-03_task-random_run-1_ieeg.edf	ea3ec502a4fa40a08a6e4927673d747d099abcd3548c90a6b544c7cddcda7359	533056	276	4096.0	240
sub-4_task-categorySL1_eeg.edf	sub-04/ieeg/sub-04_task-categorySL_run-1_ieeg.edf	18956addd6df25f01fecb6db8855a53cc5e016923776e487dd39fd539cff7b75	653056	148	4096.0	241
sub-4_task-categorySL2_eeg.edf	sub-04/ieeg/sub-04_task-categorySL_run-2_ieeg.edf	b94cd47a55ca3f2da4802bb0dba045af578d74edb4688d339e7695b32a6e7d3f	516096	148	4096.0	241
sub-4_task-exemplarSL1_eeg.edf	sub-04/ieeg/sub-04_task-exemplarSL_run-1_ieeg.edf	b90e6060e7a7821b8fd7a0ac40fae595740811a062f9a3029a9111bfe800c45f	551040	148	4096.0	241
sub-4_task-random1_eeg.edf	sub-04/ieeg/sub-04_task-random_run-1_ieeg.edf	fd7f1e62b0b2a74aa7ad343f7ab1aac2940e751fa4bb3e8e17b64c6ecd6a25ee	584064	148	4096.0	241
sub-5_task-categorySL1_eeg.edf	sub-05/ieeg/sub-05_task-categorySL_run-1_ieeg.edf	364b1d263559b7b221b2131e7faa7b0b19ec0e00a12279d21b393ca829018e9e	590016	276	4096.0	241
sub-5_task-categorySL2_eeg.edf	sub-05/ieeg/sub-05_task-categorySL_run-2_ieeg.edf	0b8a74e6cfb14f4dcb18440ee9ba0bb8b85758010f4312f5137e5a9faf19c8f9	525056	276	4096.0	241
sub-5_task-exemplarSL1_eeg.edf	sub-05/ieeg/sub-05_task-exemplarSL_run-1_ieeg.edf	cd0dc505d4c6b81c1edc4b267bee6d15683a7bd8967ada751d75b8557860a7bd	525056	276	4096.0	241
sub-5_task-random1_eeg.edf	sub-05/ieeg/sub-05_task-random_run-1_ieeg.edf	4a6c1f4a4bbbfa0707a453c28c8940aa82cfef98131a6cd3861a59c3806b8672	591040	276	4096.0	241
sub-6_task-categorySL1_eeg.edf	sub-06/ieeg/sub-06_task-categorySL_run-1_ieeg.edf	09032fc3d7525dac32fd238fd77b89f51f11fd88cfce9ebe0ac028d235875815	590016	276	4096.0	241
sub-6_task-categorySL2_eeg.edf	sub-06/ieeg/sub-06_task-categorySL_run-2_ieeg.edf	01bb7ab1911045e761a657f55edb3dd5ce32d25e5322e8aba7d395e8cc76d8fe	591040	276	4096.0	241
sub-6_task-exemplarSL1_eeg.edf	sub-06/ieeg/sub-06_task-exemplarSL_run-1_ieeg.edf	201c0a246013725d615f17582587703796c757d90c303735d8352223eef94428	591040	276	4096.0	241
sub-6_task-random1_eeg.edf	sub-06/ieeg/sub-06_task-random_run-1_ieeg.edf	4696e234c796bcd3088ccbe5248f92cd54470e9fd42e535811ed8541c130fcfb	590016	276	4096.0	241
sub-7_task-categorySL1_eeg.edf	sub-07/ieeg/sub-07_task-categorySL_run-1_ieeg.edf	d9548b9f90add35d1edd3391681968faac799565bf2b9d17a076d5753266301d	602048	276	4096.0	240
sub-7_task-categorySL2_eeg.edf	sub-07/ieeg/sub-07_task-categorySL_run-2_ieeg.edf	f9cf9dca3c59baefb5575edf1fcec56eb71abed620ff0188f4d1b65470d2934c	603008	276	4096.0	240
sub-7_task-exemplarSL1_eeg.edf	sub-07/ieeg/sub-07_task-exemplarSL_run-1_ieeg.edf	51d173b6a639ba43c7eb338403cde383e93a02206d83369676509016de91e177	542016	276	4096.0	240
sub-7_task-random1_eeg.edf	sub-07/ieeg/sub-07_task-random_run-1_ieeg.edf	fd6bebaac53a73b0d28a8027ba3c547830251a84288179bee1eb3e6ca8587b12	602048	276	4096.0	240
sub-8_task-categorySL1_eeg.edf	sub-08/ieeg/sub-08_task-categorySL_run-1_ieeg.edf	cc6b42f8b28c1dc941baf64b2d01e13a5258000f005a4a103ff1456d97609f13	635008	276	4096.0	241
sub-8_task-categorySL2_eeg.edf	sub-08/ieeg/sub-08_task-categorySL_run-2_ieeg.edf	822e8eb2dd022a3d414a798d6bfe148da1382e62c8353c54060354fae500bd3f	549056	276	4096.0	241
sub-8_task-exemplarSL1_eeg.edf	sub-08/ieeg/sub-08_task-exemplarSL_run-1_ieeg.edf	a083c632988793e9c0a6be17bceed67813d2adf4771ab20d9e549ea21b60e7d3	549056	276	4096.0	241
sub-8_task-random1_eeg.edf	sub-08/ieeg/sub-08_task-random_run-1_ieeg.edf	e64afc5a27aea73c1845811fd96cb4d24abebbe4df53e4123dda73f449cd0ee0	588032	276	4096.0	241
