name	x	y	z	size	group	atlas_label_AAL3v1	atlas_label_DesikanKilliany
G16	15	61	69	n/a	G	n/a	n/a
G24	16	66	66	n/a	G	n/a	n/a
G32	16	70	63	n/a	G	n/a	n/a
G40	17	75	59	n/a	G	n/a	n/a
G48	18	79	56	n/a	G	n/a	n/a
G56	19	83	52	n/a	G	Frontal_Mid_2_R	n/a
G64	20	87	49	n/a	G	Frontal_Mid_2_R	n/a
G15	14	59	64	n/a	G	n/a	n/a
G23	15	63	61	n/a	G	Precentral_R	n/a
G31	14	68	58	n/a	G	Precentral_R	n/a
G39	15	72	55	n/a	G	Frontal_Inf_Oper_R	n/a
G47	16	76	51	n/a	G	Frontal_Inf_Tri_R	n/a
G55	18	80	48	n/a	G	Frontal_Inf_Tri_R	ctx-rh-rostralmiddlefrontal
G63	20	84	44	n/a	G	Frontal_Mid_2_R	n/a
G6	14	51	61	n/a	G	SupraMarginal_R	n/a
G14	13	56	58	n/a	G	Postcentral_R	n/a
G22	13	60	56	n/a	G	Postcentral_R	n/a
G30	12	65	53	n/a	G	Precentral_R	n/a
G38	12	70	50	n/a	G	Frontal_Inf_Oper_R	n/a
G46	14	73	46	n/a	G	Frontal_Inf_Oper_R	n/a
G54	16	77	43	n/a	G	Frontal_Inf_Tri_R	ctx-rh-parstriangularis
G62	19	80	39	n/a	G	Frontal_Inf_Tri_R	ctx-rh-parstriangularis
G5	13	48	56	n/a	G	SupraMarginal_R	ctx-rh-supramarginal
G13	12	53	53	n/a	G	SupraMarginal_R	n/a
G21	10	58	51	n/a	G	Postcentral_R	n/a
G29	10	62	48	n/a	G	Postcentral_R	n/a
G37	10	67	45	n/a	G	Precentral_R	n/a
G45	12	71	42	n/a	G	Frontal_Inf_Oper_R	n/a
G53	15	74	38	n/a	G	Frontal_Inf_Tri_R	n/a
G61	18	77	35	n/a	G	Frontal_Inf_Tri_R	ctx-rh-parstriangularis
G4	12	46	51	n/a	G	SupraMarginal_R	ctx-rh-supramarginal
G12	11	50	49	n/a	G	SupraMarginal_R	n/a
G20	8	55	46	n/a	G	Postcentral_R	n/a
G28	8	59	43	n/a	G	Postcentral_R	n/a
G36	9	64	40	n/a	G	Rolandic_Oper_R	n/a
G44	11	68	37	n/a	G	Rolandic_Oper_R	n/a
G52	13	71	33	n/a	G	Temporal_Pole_Sup_R	n/a
G60	17	73	30	n/a	G	Temporal_Pole_Sup_R	n/a
G3	12	43	45	n/a	G	Temporal_Sup_R	ctx-rh-supramarginal
G11	10	47	43	n/a	G	Temporal_Sup_R	ctx-rh-superiortemporal
G19	7	52	41	n/a	G	Temporal_Sup_R	n/a
G27	7	56	38	n/a	G	Temporal_Sup_R	n/a
G35	8	60	35	n/a	G	Temporal_Sup_R	n/a
G43	10	64	32	n/a	G	Temporal_Sup_R	n/a
G51	12	67	28	n/a	G	Temporal_Pole_Mid_R	n/a
G59	15	70	25	n/a	G	Temporal_Pole_Mid_R	n/a
G2	12	40	41	n/a	G	Temporal_Mid_R	n/a
G10	9	44	38	n/a	G	Temporal_Mid_R	n/a
G18	8	49	36	n/a	G	Temporal_Sup_R	n/a
G26	8	53	33	n/a	G	Temporal_Mid_R	n/a
G34	8	57	30	n/a	G	Temporal_Mid_R	n/a
G42	10	61	27	n/a	G	Temporal_Mid_R	n/a
G50	12	64	24	n/a	G	Temporal_Mid_R	n/a
G58	14	68	20	n/a	G	Temporal_Pole_Mid_R	n/a
G1	13	38	36	n/a	G	Temporal_Mid_R	ctx-rh-middletemporal
G9	11	42	33	n/a	G	Temporal_Mid_R	ctx-rh-middletemporal
G17	9	46	31	n/a	G	Temporal_Mid_R	ctx-rh-middletemporal
G25	8	50	28	n/a	G	Temporal_Mid_R	n/a
G33	9	54	25	n/a	G	Temporal_Mid_R	n/a
G41	10	56	22	n/a	G	Temporal_Mid_R	n/a
G49	12	60	20	n/a	G	Temporal_Inf_R	n/a
PID12	21	47	61	n/a	PID	Postcentral_R	ctx-rh-supramarginal
PID11	22	48	58	n/a	PID	Postcentral_R	ctx-rh-supramarginal
PID10	22	49	56	n/a	PID	Postcentral_R	ctx-rh-supramarginal
PID9	23	50	53	n/a	PID	Postcentral_R	Right-Cerebral-White-Matter
PID8	23	52	51	n/a	PID	Postcentral_R	Right-Cerebral-White-Matter
PID7	23	53	48	n/a	PID	Rolandic_Oper_R	Right-Cerebral-White-Matter
PID6	24	54	46	n/a	PID	Rolandic_Oper_R	ctx-rh-supramarginal
PID5	24	56	43	n/a	PID	Insula_R	ctx-rh-insula
PID4	24	57	41	n/a	PID	Insula_R	ctx-rh-insula
PID3	24	58	38	n/a	PID	Insula_R	ctx-rh-insula
PID2	24	60	36	n/a	PID	Insula_R	ctx-rh-insula
PID1	24	61	33	n/a	PID	Insula_R	ctx-rh-insula
AID12	27	91	52	n/a	AID	Frontal_Mid_2_R	n/a
AID11	28	89	51	n/a	AID	Frontal_Mid_2_R	n/a
AID10	28	87	50	n/a	AID	Frontal_Mid_2_R	ctx-rh-rostralmiddlefrontal
AID9	28	84	49	n/a	AID	Frontal_Mid_2_R	ctx-rh-rostralmiddlefrontal
AID8	28	82	47	n/a	AID	Frontal_Mid_2_R	Right-Cerebral-White-Matter
AID7	28	80	46	n/a	AID	Frontal_Mid_2_R	Right-Cerebral-White-Matter
AID6	28	77	44	n/a	AID	n/a	Right-Cerebral-White-Matter
AID5	28	75	42	n/a	AID	Frontal_Inf_Tri_R	Right-Cerebral-White-Matter
AID4	27	73	40	n/a	AID	Insula_R	ctx-rh-parsopercularis
AID3	27	71	38	n/a	AID	Insula_R	ctx-rh-insula
AID2	27	69	36	n/a	AID	Insula_R	ctx-rh-insula
AID1	26	67	34	n/a	AID	Insula_R	ctx-rh-insula
MID12	26	81	62	n/a	MID	n/a	n/a
MID11	26	80	59	n/a	MID	Frontal_Mid_2_R	n/a
MID10	26	78	57	n/a	MID	Frontal_Mid_2_R	ctx-rh-rostralmiddlefrontal
MID9	26	76	55	n/a	MID	Frontal_Mid_2_R	ctx-rh-rostralmiddlefrontal
MID8	27	74	53	n/a	MID	Frontal_Mid_2_R	Right-Cerebral-White-Matter
MID7	27	73	50	n/a	MID	Frontal_Inf_Tri_R	Right-Cerebral-White-Matter
MID6	27	71	47	n/a	MID	Frontal_Inf_Tri_R	Right-Cerebral-White-Matter
MID5	27	70	45	n/a	MID	Frontal_Inf_Tri_R	Right-Cerebral-White-Matter
MID4	27	69	42	n/a	MID	Insula_R	ctx-rh-parsopercularis
MID3	27	67	39	n/a	MID	Insula_R	ctx-rh-insula
MID2	27	66	36	n/a	MID	Putamen_R	Right-Cerebral-White-Matter
MID1	27	65	34	n/a	MID	Putamen_R	Right-Cerebral-White-Matter
PCD12	17	36	62	n/a	PCD	Parietal_Inf_R	n/a
PCD11	19	37	61	n/a	PCD	Parietal_Inf_R	n/a
PCD10	22	39	60	n/a	PCD	Parietal_Inf_R	n/a
PCD9	24	40	60	n/a	PCD	Parietal_Inf_R	n/a
PCD8	26	41	59	n/a	PCD	Parietal_Inf_R	ctx-rh-superiorparietal
PCD7	28	43	58	n/a	PCD	SupraMarginal_R	ctx-rh-superiorparietal
PCD6	30	44	57	n/a	PCD	Postcentral_R	Right-Cerebral-White-Matter
PCD5	32	46	56	n/a	PCD	Postcentral_R	Right-Cerebral-White-Matter
PCD4	34	47	56	n/a	PCD	Cingulate_Mid_R	Right-Cerebral-White-Matter
PCD3	36	48	54	n/a	PCD	n/a	Right-Cerebral-White-Matter
PCD2	38	50	53	n/a	PCD	Cingulate_Mid_R	Right-Cerebral-White-Matter
PCD1	41	51	52	n/a	PCD	Cingulate_Mid_R	Right-Cerebral-White-Matter
ACD12	24	86	68	n/a	ACD	n/a	n/a
ACD11	22	87	66	n/a	ACD	n/a	n/a
ACD10	23	86	64	n/a	ACD	n/a	n/a
ACD9	24	85	62	n/a	ACD	n/a	n/a
ACD8	26	84	61	n/a	ACD	n/a	n/a
ACD7	28	83	60	n/a	ACD	Frontal_Mid_2_R	n/a
ACD6	30	82	59	n/a	ACD	Frontal_Mid_2_R	n/a
ACD5	33	81	58	n/a	ACD	Frontal_Sup_2_R	ctx-rh-superiorfrontal
ACD4	35	80	57	n/a	ACD	Frontal_Sup_2_R	ctx-rh-superiorfrontal
ACD3	37	79	56	n/a	ACD	Frontal_Sup_2_R	Right-Cerebral-White-Matter
ACD2	39	78	55	n/a	ACD	Frontal_Sup_Medial_R	Right-Cerebral-White-Matter
ACD1	41	77	53	n/a	ACD	Cingulate_Mid_R	ctx-rh-superiorfrontal
AD12	9	53	27	n/a	AD	Temporal_Mid_R	n/a
AD11	12	53	27	n/a	AD	Temporal_Mid_R	ctx-rh-middletemporal
AD10	14	55	28	n/a	AD	Temporal_Mid_R	Right-Cerebral-White-Matter
AD9	16	56	29	n/a	AD	Temporal_Mid_R	ctx-rh-middletemporal
AD8	19	56	29	n/a	AD	Temporal_Mid_R	ctx-rh-superiortemporal
AD7	22	57	29	n/a	AD	Temporal_Sup_R	Right-Cerebral-White-Matter
AD6	24	58	29	n/a	AD	Hippocampus_R	ctx-rh-superiortemporal
AD5	27	59	29	n/a	AD	Hippocampus_R	Right-Cerebral-White-Matter
AD4	29	59	29	n/a	AD	Hippocampus_R	Right-Cerebral-White-Matter
AD3	32	60	29	n/a	AD	Amygdala_R	Right-Amygdala
AD2	34	61	29	n/a	AD	Amygdala_R	Right-Amygdala
AD1	37	61	29	n/a	AD	Hippocampus_R	Right-VentralDC
HD12	8	38	39	n/a	HD	n/a	n/a
HD11	10	39	38	n/a	HD	Temporal_Mid_R	n/a
HD10	12	41	36	n/a	HD	Temporal_Mid_R	ctx-rh-middletemporal
HD9	14	42	35	n/a	HD	Temporal_Mid_R	ctx-rh-bankssts
HD8	16	43	34	n/a	HD	Temporal_Mid_R	ctx-rh-bankssts
HD7	18	45	33	n/a	HD	Temporal_Mid_R	ctx-rh-middletemporal
HD6	21	46	33	n/a	HD	Temporal_Mid_R	ctx-rh-middletemporal
HD5	23	47	32	n/a	HD	Hippocampus_R	Right-Cerebral-White-Matter
HD4	25	49	32	n/a	HD	Hippocampus_R	Right-Cerebral-White-Matter
HD3	27	50	32	n/a	HD	Hippocampus_R	Right-Cerebral-White-Matter
HD2	30	51	32	n/a	HD	Hippocampus_R	Right-Cerebral-White-Matter
HD1	32	52	32	n/a	HD	Thal_LGN_R	Right-VentralDC
MF8	24	93	45	n/a	MF	Frontal_Mid_2_R	n/a
MF7	28	97	43	n/a	MF	n/a	n/a
MF6	32	100	42	n/a	MF	n/a	n/a
MF5	36	101	40	n/a	MF	Frontal_Sup_2_R	n/a
MF4	40	99	36	n/a	MF	Frontal_Sup_Medial_R	ctx-rh-superiorfrontal
MF3	43	96	32	n/a	MF	Frontal_Med_Orb_R	ctx-rh-frontalpole
MF2	43	93	27	n/a	MF	Rectus_R	ctx-rh-frontalpole
MF1	43	89	23	n/a	MF	Rectus_R	ctx-rh-medialorbitofrontal
IF6	20	87	35	n/a	IF	Frontal_Inf_Tri_R	n/a
IF5	22	91	33	n/a	IF	Frontal_Mid_2_R	ctx-rh-rostralmiddlefrontal
IF4	26	95	31	n/a	IF	Frontal_Mid_2_R	n/a
IF3	30	98	30	n/a	IF	n/a	n/a
IF2	35	99	30	n/a	IF	n/a	n/a
IF1	40	100	30	n/a	IF	Frontal_Med_Orb_R	n/a
OF12	20	77	30	n/a	OF	Frontal_Inf_Orb_2_R	ctx-rh-parsorbitalis
OF11	25	77	26	n/a	OF	OFCpost_R	ctx-rh-lateralorbitofrontal
OF10	30	77	24	n/a	OF	OFCpost_R	ctx-rh-lateralorbitofrontal
OF9	35	76	22	n/a	OF	OFCmed_R	ctx-rh-lateralorbitofrontal
OF8	40	76	21	n/a	OF	Rectus_R	ctx-rh-lateralorbitofrontal
OF7	45	76	21	n/a	OF	Rectus_L	n/a
OF6	50	76	22	n/a	OF	OFCmed_L	ctx-lh-medialorbitofrontal
OF5	55	76	23	n/a	OF	OFCpost_L	ctx-lh-lateralorbitofrontal
OF4	60	76	25	n/a	OF	OFCpost_L	ctx-lh-lateralorbitofrontal
OF3	65	76	28	n/a	OF	OFCpost_L	ctx-lh-lateralorbitofrontal
OF2	69	75	31	n/a	OF	Frontal_Inf_Orb_2_L	n/a
OF1	72	75	35	n/a	OF	Frontal_Inf_Tri_L	n/a
AMT12	18	74	24	n/a	AMT	Temporal_Pole_Sup_R	n/a
AMT11	22	76	20	n/a	AMT	Temporal_Pole_Sup_R	n/a
AMT10	26	75	17	n/a	AMT	Temporal_Pole_Mid_R	ctx-rh-temporalpole
AMT9	30	72	16	n/a	AMT	Temporal_Pole_Mid_R	ctx-rh-temporalpole
AMT8	32	67	15	n/a	AMT	Temporal_Pole_Mid_R	ctx-rh-temporalpole
AMT7	32	62	16	n/a	AMT	Fusiform_R	ctx-rh-entorhinal
AMT6	30	58	18	n/a	AMT	Fusiform_R	ctx-rh-entorhinal
AMT5	28	53	18	n/a	AMT	Fusiform_R	ctx-rh-fusiform
AMT4	26	48	19	n/a	AMT	Cerebellum_6_R	n/a
AMT3	23	44	22	n/a	AMT	Fusiform_R	n/a
AMT2	21	40	24	n/a	AMT	Temporal_Inf_R	ctx-rh-inferiortemporal
AMT1	18	35	26	n/a	AMT	Temporal_Inf_R	ctx-rh-inferiortemporal
ALT5	18	64	12	n/a	ALT	Temporal_Inf_R	n/a
ALT4	22	64	10	n/a	ALT	n/a	n/a
ALT3	28	65	11	n/a	ALT	Temporal_Inf_R	n/a
ALT2	31	65	14	n/a	ALT	Fusiform_R	ctx-rh-fusiform
ALT1	33	65	20	n/a	ALT	ParaHippocampal_R	ctx-rh-unknown
MT8	11	56	21	n/a	MT	Temporal_Inf_R	n/a
MT7	13	53	19	n/a	MT	Temporal_Inf_R	ctx-rh-inferiortemporal
MT6	18	52	20	n/a	MT	Temporal_Inf_R	ctx-rh-inferiortemporal
MT5	23	52	22	n/a	MT	Fusiform_R	ctx-rh-inferiortemporal
MT4	28	51	23	n/a	MT	Fusiform_R	ctx-rh-parahippocampal
MT3	33	51	24	n/a	MT	ParaHippocampal_R	ctx-rh-parahippocampal
PT12	15	36	30	n/a	PT	Temporal_Inf_R	ctx-rh-inferiortemporal
PT11	19	33	28	n/a	PT	Temporal_Inf_R	ctx-rh-inferiortemporal
PT10	24	32	28	n/a	PT	Occipital_Inf_R	ctx-rh-fusiform
PT9	29	31	29	n/a	PT	Fusiform_R	Right-Cerebral-White-Matter
PT8	34	30	30	n/a	PT	Fusiform_R	ctx-rh-lingual
PT7	38	30	33	n/a	PT	Lingual_R	ctx-rh-lingual
PT6	42	29	37	n/a	PT	Lingual_R	ctx-rh-lingual
PT5	44	27	41	n/a	PT	Calcarine_L	ctx-rh-pericalcarine
PT4	44	25	46	n/a	PT	Cuneus_L	ctx-rh-cuneus
PT3	43	23	52	n/a	PT	Cuneus_R	ctx-rh-cuneus
PT2	42	22	57	n/a	PT	Cuneus_R	n/a
PT1	38	21	61	n/a	PT	Parietal_Sup_R	n/a
RO8	14	37	46	n/a	RO	Temporal_Sup_R	n/a
RO7	16	32	45	n/a	RO	Temporal_Mid_R	n/a
RO6	19	28	44	n/a	RO	Temporal_Mid_R	n/a
RO5	22	24	44	n/a	RO	Occipital_Mid_R	ctx-rh-inferiorparietal
RO4	25	20	43	n/a	RO	Occipital_Mid_R	ctx-rh-inferiorparietal
RO3	29	16	42	n/a	RO	Occipital_Mid_R	ctx-rh-lateraloccipital
RO2	33	13	42	n/a	RO	Occipital_Sup_R	ctx-rh-lateraloccipital
RO1	38	13	41	n/a	RO	Cuneus_R	Right-Cerebral-White-Matter
SP6	17	52	64	n/a	SP	Postcentral_R	ctx-rh-postcentral
SP5	19	49	67	n/a	SP	Postcentral_R	n/a
SP4	21	45	70	n/a	SP	Postcentral_R	n/a
SP3	23	41	72	n/a	SP	Postcentral_R	n/a
SP2	27	37	72	n/a	SP	Parietal_Sup_R	n/a
SP1	30	33	72	n/a	SP	Parietal_Sup_R	n/a
R4	15	35	53	n/a	R	Angular_R	ctx-rh-inferiorparietal
R3	17	31	54	n/a	R	Angular_R	n/a
