onset	duration	trial_type	value	sample	source	trig_baseline
6.756347656	0.008789062	trigger	216	27674	TRIG	16
7.219482422	0.010742188	trigger	216	29571	TRIG	16
7.719726562	0.011474609	trigger	24|216|208	31620	TRIG	16
8.217041016	0.006591797	trigger	24|216	33657	TRIG	16
8.719238281	0.006591797	trigger	216	35714	TRIG	16
9.218261719	0.006835938	trigger	24|216|208	37758	TRIG	16
9.717529297	0.005859375	trigger	216	39803	TRIG	16
10.217773438	0.006835938	trigger	216|208	41852	TRIG	16
10.721923828	0.008544922	trigger	24|216	43917	TRIG	16
11.220947266	0.006835938	trigger	88|216|208	45961	TRIG	16
11.721435547	0.007568359	trigger	24|216|208	48011	TRIG	16
12.221435547	0.006835938	trigger	216	50059	TRIG	16
12.721435547	0.007080078	trigger	216	52107	TRIG	16
13.221923828	0.006591797	trigger	216|208	54157	TRIG	16
13.720947266	0.008056641	trigger	24|216|208	56201	TRIG	16
14.221435547	0.006835938	trigger	24|216	58251	TRIG	16
14.721435547	0.007080078	trigger	216	60299	TRIG	16
15.221435547	0.007080078	trigger	216	62347	TRIG	16
15.721923828	0.006591797	trigger	216|208	64397	TRIG	16
16.225097656	0.011474609	trigger	24|216	66458	TRIG	16
16.721435547	0.007568359	trigger	24|216	68491	TRIG	16
17.221435547	0.007080078	trigger	24|216	70539	TRIG	16
17.721923828	0.006591797	trigger	216	72589	TRIG	16
18.221923828	0.006591797	trigger	216	74637	TRIG	16
18.720947266	0.010009766	trigger	24|216	76681	TRIG	16
19.221435547	0.006835938	trigger	24|216	78731	TRIG	16
19.721435547	0.008056641	trigger	24|216|208	80779	TRIG	16
20.225830078	0.011718750	trigger	24|216	82845	TRIG	16
20.723144531	0.006835938	trigger	216|208	84882	TRIG	16
21.222412109	0.005859375	trigger	216	86927	TRIG	16
21.721435547	0.007812500	trigger	24|216	88971	TRIG	16
22.221435547	0.007080078	trigger	216|208	91019	TRIG	16
22.721923828	0.007568359	trigger	24|216	93069	TRIG	16
23.221923828	0.007080078	trigger	216|208	95117	TRIG	16
23.722412109	0.008789062	trigger	24|216|208	97167	TRIG	16
24.221435547	0.007812500	trigger	24|216|208	99211	TRIG	16
24.721435547	0.008056641	trigger	24|216|208	101259	TRIG	16
25.222900391	0.007568359	trigger	216|208	103313	TRIG	16
25.721923828	0.009765625	trigger	216|208	105357	TRIG	16
26.221435547	0.007568359	trigger	24|216|208	107403	TRIG	16
26.722412109	0.011962891	trigger	24|216	109455	TRIG	16
27.222900391	0.007568359	trigger	216	111505	TRIG	16
27.721923828	0.007568359	trigger	24|216|208	113549	TRIG	16
28.225830078	0.010742188	trigger	24|216	115613	TRIG	16
28.722412109	0.006591797	trigger	216|208	117647	TRIG	16
29.222412109	0.007080078	trigger	216|208	119695	TRIG	16
29.721923828	0.007568359	trigger	24|216	121741	TRIG	16
30.221923828	0.006591797	trigger	24|216	123789	TRIG	16
30.725830078	0.010742188	trigger	24|216|208	125853	TRIG	16
31.222412109	0.007812500	trigger	216|208	127887	TRIG	16
31.722412109	0.006103516	trigger	216	129935	TRIG	16
32.224609375	0.008056641	trigger	216	131992	TRIG	16
32.723144531	0.008544922	trigger	88|216	134034	TRIG	16
33.222412109	0.007568359	trigger	24|216|208	136079	TRIG	16
33.722412109	0.006835938	trigger	24|216	138127	TRIG	16
34.222412109	0.008056641	trigger	24|216|208	140175	TRIG	16
34.722900391	0.005615234	trigger	216	142225	TRIG	16
35.221923828	0.008056641	trigger	24|216	144269	TRIG	16
35.722412109	0.006591797	trigger	24|216	146319	TRIG	16
36.222412109	0.008789062	trigger	24|216|208	148367	TRIG	16
36.722412109	0.008056641	trigger	216|208	150415	TRIG	16
37.222900391	0.006591797	trigger	216	152465	TRIG	16
37.721923828	0.008056641	trigger	24|216	154509	TRIG	16
38.222412109	0.006591797	trigger	24|216	156559	TRIG	16
38.722412109	0.008056641	trigger	216|208	158607	TRIG	16
39.222412109	0.008056641	trigger	24|216|208	160655	TRIG	16
39.721923828	0.007568359	trigger	24|216|208	162701	TRIG	16
40.223144531	0.007812500	trigger	24|216	164754	TRIG	16
40.722412109	0.007568359	trigger	24|216|208	166799	TRIG	16
41.222412109	0.006103516	trigger	216	168847	TRIG	16
41.722900391	0.006591797	trigger	216	170897	TRIG	16
42.222900391	0.009765625	trigger	88|216	172945	TRIG	16
42.723144531	0.011718750	trigger	24|216|208	174994	TRIG	16
43.222412109	0.006835938	trigger	24|216	177039	TRIG	16
43.722412109	0.008056641	trigger	24|216|208	179087	TRIG	16
44.222900391	0.006591797	trigger	216|208	181137	TRIG	16
44.723144531	0.005859375	trigger	216	183186	TRIG	16
45.221923828	0.007080078	trigger	24|216	185229	TRIG	16
45.722412109	0.006835938	trigger	216|208	187279	TRIG	16
46.222412109	0.007080078	trigger	216	189327	TRIG	16
46.722900391	0.005615234	trigger	216	191377	TRIG	16
47.221923828	0.008056641	trigger	24|216|208	193421	TRIG	16
47.722412109	0.007568359	trigger	24|216|208	195471	TRIG	16
48.222412109	0.006835938	trigger	216	197519	TRIG	16
48.722412109	0.007080078	trigger	216|208	199567	TRIG	16
49.222900391	0.006591797	trigger	216|208	201617	TRIG	16
49.721923828	0.009765625	trigger	24|216|208	203661	TRIG	16
50.222412109	0.006591797	trigger	216|208	205711	TRIG	16
50.722412109	0.006103516	trigger	216	207759	TRIG	16
51.222412109	0.007080078	trigger	216|208	209807	TRIG	16
51.722900391	0.005615234	trigger	216	211857	TRIG	16
52.221923828	0.007080078	trigger	24|216	213901	TRIG	16
52.722412109	0.006591797	trigger	24|216	215951	TRIG	16
53.222412109	0.008789062	trigger	24|216|208	217999	TRIG	16
53.722900391	0.006591797	trigger	216|208	220049	TRIG	16
54.221923828	0.006591797	trigger	24|216	222093	TRIG	16
54.721923828	0.008056641	trigger	24|216|208	224141	TRIG	16
55.222412109	0.006835938	trigger	24|216	226191	TRIG	16
55.722412109	0.007080078	trigger	24|216	228239	TRIG	16
56.222900391	0.007568359	trigger	24|216|208	230289	TRIG	16
56.723144531	0.006835938	trigger	216|208	232338	TRIG	16
57.223144531	0.006835938	trigger	216|208	234386	TRIG	16
57.722412109	0.006835938	trigger	24|216	236431	TRIG	16
58.222412109	0.007080078	trigger	24|216	238479	TRIG	16
58.722900391	0.006591797	trigger	88|216|208	240529	TRIG	16
59.225097656	0.009765625	trigger	216	242586	TRIG	16
59.723144531	0.006835938	trigger	216|208	244626	TRIG	16
60.223388672	0.006835938	trigger	216	246675	TRIG	16
60.722412109	0.008056641	trigger	24|216|208	248719	TRIG	16
61.222900391	0.006591797	trigger	24|216	250769	TRIG	16
61.723144531	0.006835938	trigger	216|208	252818	TRIG	16
62.223144531	0.006835938	trigger	216	254866	TRIG	16
62.723632812	0.005859375	trigger	216	256916	TRIG	16
63.223632812	0.005859375	trigger	216	258964	TRIG	16
63.722900391	0.007568359	trigger	24|216|208	261009	TRIG	16
64.223144531	0.007812500	trigger	24|216|208	263058	TRIG	16
64.723144531	0.011718750	trigger	216|208	265106	TRIG	16
65.223632812	0.006835938	trigger	216	267156	TRIG	16
65.722900391	0.013671875	trigger	24|216|208	269201	TRIG	16
66.226806641	0.010742188	trigger	216|208	271265	TRIG	16
66.725097656	0.007568359	trigger	24|216|208	273306	TRIG	16
67.223388672	0.007812500	trigger	24|216|144	275347	TRIG	16
67.723632812	0.006835938	trigger	216	277396	TRIG	16
68.224609375	0.008056641	trigger	24|216|208	279448	TRIG	16
68.724121094	0.006835938	trigger	216	281494	TRIG	16
69.223144531	0.010742188	trigger	24|216	283538	TRIG	16
69.723388672	0.007812500	trigger	24|216|208	285587	TRIG	16
70.223632812	0.007568359	trigger	24|216	287636	TRIG	16
70.723632812	0.008056641	trigger	216|208	289684	TRIG	16
71.223144531	0.007812500	trigger	24|216|208	291730	TRIG	16
71.723144531	0.011718750	trigger	24|216	293778	TRIG	16
72.225341797	0.010742188	trigger	216	295835	TRIG	16
72.723632812	0.006835938	trigger	24|216	297876	TRIG	16
73.223632812	0.008056641	trigger	216|208	299924	TRIG	16
73.724121094	0.008544922	trigger	24|216|208	301974	TRIG	16
74.224121094	0.011962891	trigger	24|216|208	304022	TRIG	16
74.723632812	0.006835938	trigger	216	306068	TRIG	16
75.224609375	0.007568359	trigger	216	308120	TRIG	16
75.723632812	0.011962891	trigger	24|216|208	310164	TRIG	16
76.227783203	0.008789062	trigger	24|216|208	312229	TRIG	16
76.724121094	0.008056641	trigger	216|208	314262	TRIG	16
77.223632812	0.007568359	trigger	24|216|208	316308	TRIG	16
77.723632812	0.006835938	trigger	216|208	318356	TRIG	16
78.223632812	0.006835938	trigger	216	320404	TRIG	16
78.724121094	0.008544922	trigger	216|208	322454	TRIG	16
79.224365234	0.005859375	trigger	216	324503	TRIG	16
79.724609375	0.007568359	trigger	24|216|208	326552	TRIG	16
80.224609375	0.007080078	trigger	216|208	328600	TRIG	16
80.724121094	0.007568359	trigger	24|216|208	330646	TRIG	16
81.224121094	0.006835938	trigger	216	332694	TRIG	16
81.725341797	0.010742188	trigger	216|208	334747	TRIG	16
82.224609375	0.007568359	trigger	216|208	336792	TRIG	16
82.723632812	0.008056641	trigger	24|216	338836	TRIG	16
83.225097656	0.006591797	trigger	216	340890	TRIG	16
83.724121094	0.007080078	trigger	24|216	342934	TRIG	16
84.224365234	0.006835938	trigger	216	344983	TRIG	16
84.724609375	0.009765625	trigger	24|216|144	347032	TRIG	16
85.223632812	0.008056641	trigger	24|216	349076	TRIG	16
85.724121094	0.007568359	trigger	24|216|208	351126	TRIG	16
86.224121094	0.007080078	trigger	216	353174	TRIG	16
86.724609375	0.006591797	trigger	216|208	355224	TRIG	16
87.224609375	0.007568359	trigger	216|208	357272	TRIG	16
87.724609375	0.008056641	trigger	216	359320	TRIG	16
88.224121094	0.008544922	trigger	24|216	361366	TRIG	16
88.725097656	0.011962891	trigger	216|208	363418	TRIG	16
89.224609375	0.005859375	trigger	216	365464	TRIG	16
89.724609375	0.010742188	trigger	216	367512	TRIG	16
90.223632812	0.008056641	trigger	24|216|208	369556	TRIG	16
90.724121094	0.007568359	trigger	24|216|208	371606	TRIG	16
91.225341797	0.010742188	trigger	216	373659	TRIG	16
91.724609375	0.011474609	trigger	24|216|208	375704	TRIG	16
92.224609375	0.005859375	trigger	216	377752	TRIG	16
92.724121094	0.008544922	trigger	24|216|208	379798	TRIG	16
93.224121094	0.006835938	trigger	216	381846	TRIG	16
93.724365234	0.007812500	trigger	216|208	383895	TRIG	16
94.224609375	0.006591797	trigger	216	385944	TRIG	16
94.724609375	0.007080078	trigger	216|208	387992	TRIG	16
95.224121094	0.007568359	trigger	24|216	390038	TRIG	16
95.724121094	0.009033203	trigger	24|216|208	392086	TRIG	16
96.224365234	0.006835938	trigger	88|216	394135	TRIG	16
96.724609375	0.006591797	trigger	216	396184	TRIG	16
97.223632812	0.008056641	trigger	24|216|208	398228	TRIG	16
97.724121094	0.007568359	trigger	24|216	400278	TRIG	16
98.224121094	0.008056641	trigger	24|216|208	402326	TRIG	16
98.724609375	0.008544922	trigger	24|216	404376	TRIG	16
99.224609375	0.010742188	trigger	24|216	406424	TRIG	16
99.724609375	0.007080078	trigger	216|208	408472	TRIG	16
100.225097656	0.006591797	trigger	216	410522	TRIG	16
100.724121094	0.008056641	trigger	24|216|208	412566	TRIG	16
101.224609375	0.010742188	trigger	24|216|208	414616	TRIG	16
101.724609375	0.007080078	trigger	216	416664	TRIG	16
102.224609375	0.007080078	trigger	216	418712	TRIG	16
102.724121094	0.010742188	trigger	24|216	420758	TRIG	16
103.224365234	0.010742188	trigger	24|216	422807	TRIG	16
103.724609375	0.006591797	trigger	216	424856	TRIG	16
104.224609375	0.005859375	trigger	216	426904	TRIG	16
104.724121094	0.007568359	trigger	24|216|208	428950	TRIG	16
105.224121094	0.007568359	trigger	24|216|208	430998	TRIG	16
105.724365234	0.006835938	trigger	24|216|208	433047	TRIG	16
106.226318359	0.006835938	trigger	216|208	435103	TRIG	16
106.726806641	0.007568359	trigger	24|216|208	437153	TRIG	16
107.226806641	0.008056641	trigger	24|216|208	439201	TRIG	16
107.727294922	0.007568359	trigger	24|216	441251	TRIG	16
108.226318359	0.011718750	trigger	24|216|208	443295	TRIG	16
108.726318359	0.009765625	trigger	216|208	445343	TRIG	16
109.226806641	0.010742188	trigger	216	447393	TRIG	16
109.725830078	0.011718750	trigger	24|216|208	449437	TRIG	16
110.226318359	0.005859375	trigger	216	451487	TRIG	16
110.726318359	0.005859375	trigger	216	453535	TRIG	16
111.226318359	0.006835938	trigger	216	455583	TRIG	16
111.725830078	0.007812500	trigger	24|216|208	457629	TRIG	16
112.225830078	0.008056641	trigger	24|216|208	459677	TRIG	16
112.726318359	0.007568359	trigger	216|208	461727	TRIG	16
113.226318359	0.008056641	trigger	216|208	463775	TRIG	16
113.725585938	0.008056641	trigger	24|216	465820	TRIG	16
114.225830078	0.006835938	trigger	216	467869	TRIG	16
114.725830078	0.006835938	trigger	216|208	469917	TRIG	16
115.226318359	0.007812500	trigger	216|208	471967	TRIG	16
115.726318359	0.006835938	trigger	216	474015	TRIG	16
116.225830078	0.006835938	trigger	24|216	476061	TRIG	16
116.725830078	0.006835938	trigger	216	478109	TRIG	16
117.225830078	0.008056641	trigger	216|208	480157	TRIG	16
117.726318359	0.007812500	trigger	216|208	482207	TRIG	16
118.225585938	0.007568359	trigger	24|216	484252	TRIG	16
118.725830078	0.007812500	trigger	24|216	486301	TRIG	16
119.226806641	0.007080078	trigger	216|208	488353	TRIG	16
119.725830078	0.008056641	trigger	88|216|208	490397	TRIG	16
120.226318359	0.010742188	trigger	24|216	492447	TRIG	16
120.725585938	0.007568359	trigger	24|216|208	494492	TRIG	16
121.225830078	0.007812500	trigger	24|216|208	496541	TRIG	16
121.725830078	0.005859375	trigger	216	498589	TRIG	16
122.226318359	0.006835938	trigger	216	500639	TRIG	16
122.725585938	0.006591797	trigger	24|216	502684	TRIG	16
123.225585938	0.006591797	trigger	88|216	504732	TRIG	16
123.725830078	0.007812500	trigger	24|216|208	506781	TRIG	16
124.225830078	0.009033203	trigger	24|216|208	508829	TRIG	16
124.726318359	0.006835938	trigger	216	510879	TRIG	16
125.226318359	0.006835938	trigger	216|208	512927	TRIG	16
125.725585938	0.007080078	trigger	24|216	514972	TRIG	16
126.229492188	0.011962891	trigger	24|216|208	517036	TRIG	16
144.287109375	0.009765625	trigger	0	591000	TRIG	16
