allContacts_MNIcoords.csv	29069	sha-256	f683ea8abeb2648916d5c5a6d6be5203226053963801531ef7ee35baf5ed7c2e	ffd8c1af85ea396f93f0d8ab23f9899d	https://zenodo.org/api/records/8018664/files/allContacts_MNIcoords.csv/content
README.md	3668	sha-256	73b62687d51f13b6b2a8d6eac7544daaab67ad45680f728ff37345f07eef8350	13ad5f854177e3406979a957298dcb2e	https://zenodo.org/api/records/8018664/files/README.md/content
sub-1_task-categorySL1_channels.tsv	16786	sha-256	5cb74b118eaebd6d51be6d33dbfbe42f36499e23e0ce8fecc52983cb14510ab1	39985bb83b6206ad19a961dc5235c158	https://zenodo.org/api/records/8018664/files/sub-1_task-categorySL1_channels.tsv/content
sub-1_task-categorySL1_eeg.edf	345649408	sha-256	6026fd9053ddccbc320f012637471af284f3ec2adeb96a9a20f7e33ae6ad129d	413631229b289f5550a784a1b329113e	https://zenodo.org/api/records/8018664/files/sub-1_task-categorySL1_eeg.edf/content
sub-1_task-categorySL1_eeg.json	481	sha-256	62ead580c79ef743fa9d5f2985a551e73dc481ff0f6b82be0eae5f9950cbd0eb	1c1ae3ccdbe96e6b127822f6d68628e3	https://zenodo.org/api/records/8018664/files/sub-1_task-categorySL1_eeg.json/content
sub-1_task-exemplarSL1_channels.tsv	16786	sha-256	5cb74b118eaebd6d51be6d33dbfbe42f36499e23e0ce8fecc52983cb14510ab1	39985bb83b6206ad19a961dc5235c158	https://zenodo.org/api/records/8018664/files/sub-1_task-exemplarSL1_channels.tsv/content
sub-1_task-exemplarSL1_eeg.edf	316397824	sha-256	cf0b24df6fda18b4cea938cb28636add31d6c56cd7a77e9a95a1d5c0a557034b	f374f7b48814354ce4716b1d1cd5ee83	https://zenodo.org/api/records/8018664/files/sub-1_task-exemplarSL1_eeg.edf/content
sub-1_task-exemplarSL1_eeg.json	481	sha-256	d3d7f587220fc37f6695bfb0aeac5acedb96d382ca5df90fa1e47aa466240ef5	ccc287bb6d124a7bb000311078daaa19	https://zenodo.org/api/records/8018664/files/sub-1_task-exemplarSL1_eeg.json/content
sub-1_task-random1_channels.tsv	16786	sha-256	5cb74b118eaebd6d51be6d33dbfbe42f36499e23e0ce8fecc52983cb14510ab1	39985bb83b6206ad19a961dc5235c158	https://zenodo.org/api/records/8018664/files/sub-1_task-random1_channels.tsv/content
sub-1_task-random1_eeg.edf	316397824	sha-256	1736e81d433e6e7563ab9d23f76ba2fa89a8213ca70c416b3438f835453fc116	f83944ac85c31ac3584fc5a7b7867d76	https://zenodo.org/api/records/8018664/files/sub-1_task-random1_eeg.edf/content
sub-1_task-random1_eeg.json	477	sha-256	44dd40c609d1d6f80970f6a9f0ac9aff5cb3c2f277b5408f44b426640959e8b0	2ad25832085748611f5dfcb93d69de7c	https://zenodo.org/api/records/8018664/files/sub-1_task-random1_eeg.json/content
sub-2_task-categorySL1_channels.tsv	16811	sha-256	2ee16cde03b323fb139fafa3b7582c53cb334eb88c0f472faa362cc511e1b988	359f08389f3255a13eefe446b2dedc0f	https://zenodo.org/api/records/8018664/files/sub-2_task-categorySL1_channels.tsv/content
sub-2_task-categorySL1_eeg.edf	403057408	sha-256	24d8d47366bf663e7a28ba75c9c503769e75515d486ba93b437b90ea3be4a0ba	7525c5db96c18f16cf1b7692a7bbf343	https://zenodo.org/api/records/8018664/files/sub-2_task-categorySL1_eeg.edf/content
sub-2_task-categorySL1_eeg.json	481	sha-256	4993782559f0108306d68b4ee05c1227684b3ed2506f58f4335286a4a6b42633	18c5ae7bf62d2d18d4b6cc195b2a5420	https://zenodo.org/api/records/8018664/files/sub-2_task-categorySL1_eeg.json/content
sub-2_task-exemplarSL1_channels.tsv	16811	sha-256	2ee16cde03b323fb139fafa3b7582c53cb334eb88c0f472faa362cc511e1b988	359f08389f3255a13eefe446b2dedc0f	https://zenodo.org/api/records/8018664/files/sub-2_task-exemplarSL1_channels.tsv/content
sub-2_task-exemplarSL1_eeg.edf	590189824	sha-256	e359e55e1af92bacf1f1e014dd611de6beb83d953214c590f1c3ad8146ce5a41	9739e81b6e7993923a0adb5cdc38ee9b	https://zenodo.org/api/records/8018664/files/sub-2_task-exemplarSL1_eeg.edf/content
sub-2_task-exemplarSL1_eeg.json	481	sha-256	901d23b0ec04f45923532ed884696def6b5ee05f05f853dbe50094371dea041a	f2e8ec1cdeef3b3be2a98bf63a3c2992	https://zenodo.org/api/records/8018664/files/sub-2_task-exemplarSL1_eeg.json/content
sub-2_task-random1_channels.tsv	16811	sha-256	2ee16cde03b323fb139fafa3b7582c53cb334eb88c0f472faa362cc511e1b988	359f08389f3255a13eefe446b2dedc0f	https://zenodo.org/api/records/8018664/files/sub-2_task-random1_channels.tsv/content
sub-2_task-random1_eeg.edf	359427328	sha-256	291cca5ba447ac7e9ec7502371b938d3b50716d84e2020701af07c8540e1de03	3aef0ddeecf924c3fc7b7b9fa03bd78d	https://zenodo.org/api/records/8018664/files/sub-2_task-random1_eeg.edf/content
sub-2_task-random1_eeg.json	477	sha-256	376eec587aca7598a3d2fef80ecc0cebc99fd64398fcac1b6c2bee580c9960ac	1e073d0f8e8476e0e75b5266d97a15f9	https://zenodo.org/api/records/8018664/files/sub-2_task-random1_eeg.json/content
sub-3_task-categorySL1_channels.tsv	16789	sha-256	2bd3b289b7889525b7c7ee9ffa8889565a2ddb92be545604750edf81f24b6f02	8df1b9133e4569cb61b73fd9a8634da6	https://zenodo.org/api/records/8018664/files/sub-3_task-categorySL1_channels.tsv/content
sub-3_task-categorySL1_eeg.edf	363290848	sha-256	44ce6e400ec880829f3ef456f8f591c54cdc0d26d33beefd81ea4fe7b7c94ab5	0e725dcacc79540306f16ecbd04f9099	https://zenodo.org/api/records/8018664/files/sub-3_task-categorySL1_eeg.edf/content
sub-3_task-categorySL1_eeg.json	481	sha-256	98f5747baad4109a636def4d270d7ab9e9adae7e3ea4aaf86a1a4e002d8ed453	cfa456e9ffdbe18928e55a399126d47c	https://zenodo.org/api/records/8018664/files/sub-3_task-categorySL1_eeg.json/content
sub-3_task-categorySL1_events.tsv	92	sha-256	3739b33ffa687aabc681e19d3065144b7c7b940eab6fbee2bc435b838565bd9b	2a50a4ce814176373d506b33e6f8cabc	https://zenodo.org/api/records/8018664/files/sub-3_task-categorySL1_events.tsv/content
sub-3_task-categorySL2_channels.tsv	16789	sha-256	2bd3b289b7889525b7c7ee9ffa8889565a2ddb92be545604750edf81f24b6f02	8df1b9133e4569cb61b73fd9a8634da6	https://zenodo.org/api/records/8018664/files/sub-3_task-categorySL2_channels.tsv/content
sub-3_task-categorySL2_eeg.edf	295082912	sha-256	eff97498d47b2e3cddd7b45b0b13a14cd5fd49f051822d9641154338d8b04fd9	c7234b987edbd5c97495aa4b5d0f7fc9	https://zenodo.org/api/records/8018664/files/sub-3_task-categorySL2_eeg.edf/content
sub-3_task-categorySL2_eeg.json	481	sha-256	0fdbadd2fb0637856c8a4ba99a5a123b5fdf4806097c78c6ca844fd46eb2e2ed	bef561189a770c755bdd962382511777	https://zenodo.org/api/records/8018664/files/sub-3_task-categorySL2_eeg.json/content
sub-3_task-categorySL2_events.tsv	92	sha-256	7b2a33e5c9cdf523586b12bcd4fd5d711fe12e48a83b8491073fcb0658433ffc	fbbf71dce0c525b977a5ad1b28f574f9	https://zenodo.org/api/records/8018664/files/sub-3_task-categorySL2_events.tsv/content
sub-3_task-exemplarSL1_channels.tsv	16789	sha-256	2bd3b289b7889525b7c7ee9ffa8889565a2ddb92be545604750edf81f24b6f02	8df1b9133e4569cb61b73fd9a8634da6	https://zenodo.org/api/records/8018664/files/sub-3_task-exemplarSL1_channels.tsv/content
sub-3_task-exemplarSL1_eeg.edf	317830720	sha-256	7b3c0d07ca89108e6cf1106fe798dee551f19b2d1d033c897f275aa54601a2b9	fdc4f99c37df61ae3bba81a1e17265a3	https://zenodo.org/api/records/8018664/files/sub-3_task-exemplarSL1_eeg.edf/content
sub-3_task-exemplarSL1_eeg.json	481	sha-256	d3d7f587220fc37f6695bfb0aeac5acedb96d382ca5df90fa1e47aa466240ef5	ccc287bb6d124a7bb000311078daaa19	https://zenodo.org/api/records/8018664/files/sub-3_task-exemplarSL1_eeg.json/content
sub-3_task-exemplarSL1_events.tsv	84	sha-256	b4fdff8ed29564b8ee40e89e380f146a2ee5d979638c7067204f287863ad3b8e	4324952eae07c48d7d48d34a9988080e	https://zenodo.org/api/records/8018664/files/sub-3_task-exemplarSL1_events.tsv/content
sub-3_task-random1_channels.tsv	16789	sha-256	2bd3b289b7889525b7c7ee9ffa8889565a2ddb92be545604750edf81f24b6f02	8df1b9133e4569cb61b73fd9a8634da6	https://zenodo.org/api/records/8018664/files/sub-3_task-random1_channels.tsv/content
sub-3_task-random1_eeg.edf	295650720	sha-256	ea3ec502a4fa40a08a6e4927673d747d099abcd3548c90a6b544c7cddcda7359	2789a868984b9f5da969b7c45f73a5dc	https://zenodo.org/api/records/8018664/files/sub-3_task-random1_eeg.edf/content
sub-3_task-random1_eeg.json	477	sha-256	266945f2f5b14d05276bb5bfe4c4c7e5e87bbe00e97aab7d758f79ce914a5a79	027ae1c2db5ca3d342d6d54cd1623ac2	https://zenodo.org/api/records/8018664/files/sub-3_task-random1_eeg.json/content
sub-3_task-random1_events.tsv	83	sha-256	890bb4cf3695ce5b52c1e06425eb62169e7cce9336c666e12503aee5bdfd08ea	af87deb6c6b2bd48c48800c2c41f6cb1	https://zenodo.org/api/records/8018664/files/sub-3_task-random1_events.tsv/content
sub-4_task-categorySL1_channels.tsv	9151	sha-256	3bd896e1742f654cbae6cb90b9d81bf0c099fc0012d9e32ad4856a2574366430	d1c0dbd8cf9c60ca5d3d7960c4f6f8a7	https://zenodo.org/api/records/8018664/files/sub-4_task-categorySL1_channels.tsv/content
sub-4_task-categorySL1_eeg.edf	193342720	sha-256	18956addd6df25f01fecb6db8855a53cc5e016923776e487dd39fd539cff7b75	2a3dc8fbe66d45947173e5ed8ed6ce72	https://zenodo.org/api/records/8018664/files/sub-4_task-categorySL1_eeg.edf/content
sub-4_task-categorySL1_eeg.json	481	sha-256	46acce9f337dd926d594ed3193122f937e13392458829345856444e210438362	e5c03d1f62455ded1353eccefe81f02d	https://zenodo.org/api/records/8018664/files/sub-4_task-categorySL1_eeg.json/content
sub-4_task-categorySL2_channels.tsv	9151	sha-256	3bd896e1742f654cbae6cb90b9d81bf0c099fc0012d9e32ad4856a2574366430	d1c0dbd8cf9c60ca5d3d7960c4f6f8a7	https://zenodo.org/api/records/8018664/files/sub-4_task-categorySL2_channels.tsv/content
sub-4_task-categorySL2_eeg.edf	152802560	sha-256	b94cd47a55ca3f2da4802bb0dba045af578d74edb4688d339e7695b32a6e7d3f	8431fb137550c3ab06cb097b8493fe46	https://zenodo.org/api/records/8018664/files/sub-4_task-categorySL2_eeg.edf/content
sub-4_task-categorySL2_eeg.json	481	sha-256	74b14d5b0c496c98924e20a68837f9a4ce1b565ac26615e745987cb6c500b24c	49ea4aca69dd5bdb5bdb5712f2551299	https://zenodo.org/api/records/8018664/files/sub-4_task-categorySL2_eeg.json/content
sub-4_task-exemplarSL1_channels.tsv	9151	sha-256	3bd896e1742f654cbae6cb90b9d81bf0c099fc0012d9e32ad4856a2574366430	d1c0dbd8cf9c60ca5d3d7960c4f6f8a7	https://zenodo.org/api/records/8018664/files/sub-4_task-exemplarSL1_channels.tsv/content
sub-4_task-exemplarSL1_eeg.edf	163145984	sha-256	b90e6060e7a7821b8fd7a0ac40fae595740811a062f9a3029a9111bfe800c45f	9bdb006bb9f2a37c483369a36106bdc9	https://zenodo.org/api/records/8018664/files/sub-4_task-exemplarSL1_eeg.edf/content
sub-4_task-exemplarSL1_eeg.json	481	sha-256	4a5b9a93d81157d2e76f859eb4281ec20bf5f2835bdf612ab70670824a060bbc	6fc1bc98aac80fac724b1edf6fb3979c	https://zenodo.org/api/records/8018664/files/sub-4_task-exemplarSL1_eeg.json/content
sub-4_task-random1_channels.tsv	9151	sha-256	3bd896e1742f654cbae6cb90b9d81bf0c099fc0012d9e32ad4856a2574366430	d1c0dbd8cf9c60ca5d3d7960c4f6f8a7	https://zenodo.org/api/records/8018664/files/sub-4_task-random1_channels.tsv/content
sub-4_task-random1_eeg.edf	172921088	sha-256	fd7f1e62b0b2a74aa7ad343f7ab1aac2940e751fa4bb3e8e17b64c6ecd6a25ee	e369b9bde31504c9a91562147644fa1f	https://zenodo.org/api/records/8018664/files/sub-4_task-random1_eeg.edf/content
sub-4_task-random1_eeg.json	477	sha-256	731ee01ed72ff7a57680c268d14e006f3a1052b28b7b514ca8cce5b65370aa62	f0bd3afdd99ebc2afda18a5bd80a44f6	https://zenodo.org/api/records/8018664/files/sub-4_task-random1_eeg.json/content
sub-5_task-categorySL1_channels.tsv	16907	sha-256	be868c57813cf16aefcdee41baec80dc2f73175f89bc2d62b19d8d3d1a547161	164529f86d8eb231b8aa065282f10479	https://zenodo.org/api/records/8018664/files/sub-5_task-categorySL1_channels.tsv/content
sub-5_task-categorySL1_eeg.edf	325759744	sha-256	364b1d263559b7b221b2131e7faa7b0b19ec0e00a12279d21b393ca829018e9e	247fb2a8a611d03557c288b8a16bc6f7	https://zenodo.org/api/records/8018664/files/sub-5_task-categorySL1_eeg.edf/content
sub-5_task-categorySL1_eeg.json	481	sha-256	0a63515fca9da4886df951a760126ec717b38c8819ebdf1b164c24bc420524db	1aec46201eb700110d6a36ed1be3a1c1	https://zenodo.org/api/records/8018664/files/sub-5_task-categorySL1_eeg.json/content
sub-5_task-categorySL2_channels.tsv	16907	sha-256	be868c57813cf16aefcdee41baec80dc2f73175f89bc2d62b19d8d3d1a547161	164529f86d8eb231b8aa065282f10479	https://zenodo.org/api/records/8018664/files/sub-5_task-categorySL2_channels.tsv/content
sub-5_task-categorySL2_eeg.edf	289901824	sha-256	0b8a74e6cfb14f4dcb18440ee9ba0bb8b85758010f4312f5137e5a9faf19c8f9	5041e35628ed18eff1308651ac57284b	https://zenodo.org/api/records/8018664/files/sub-5_task-categorySL2_eeg.edf/content
sub-5_task-categorySL2_eeg.json	481	sha-256	d7ad41f2a55b9d7f5f54aa9c73bb2cea3d3f3c8f75a93916c3904695dabc778e	bdaff32692217c28cecb518395e4878f	https://zenodo.org/api/records/8018664/files/sub-5_task-categorySL2_eeg.json/content
sub-5_task-exemplarSL1_channels.tsv	16907	sha-256	be868c57813cf16aefcdee41baec80dc2f73175f89bc2d62b19d8d3d1a547161	164529f86d8eb231b8aa065282f10479	https://zenodo.org/api/records/8018664/files/sub-5_task-exemplarSL1_channels.tsv/content
sub-5_task-exemplarSL1_eeg.edf	289901824	sha-256	cd0dc505d4c6b81c1edc4b267bee6d15683a7bd8967ada751d75b8557860a7bd	1be4a5859f9a4f5e9ae7ef7f0d9ad919	https://zenodo.org/api/records/8018664/files/sub-5_task-exemplarSL1_eeg.edf/content
sub-5_task-exemplarSL1_eeg.json	481	sha-256	2cc18fc5db6410765e0eb4ff55fda36cbe7b00bb363e493dca9f93159539f3a3	b0d6a9fc82f42c853bd1b4957b04d831	https://zenodo.org/api/records/8018664/files/sub-5_task-exemplarSL1_eeg.json/content
sub-5_task-random1_channels.tsv	16907	sha-256	be868c57813cf16aefcdee41baec80dc2f73175f89bc2d62b19d8d3d1a547161	164529f86d8eb231b8aa065282f10479	https://zenodo.org/api/records/8018664/files/sub-5_task-random1_channels.tsv/content
sub-5_task-random1_eeg.edf	326324992	sha-256	4a6c1f4a4bbbfa0707a453c28c8940aa82cfef98131a6cd3861a59c3806b8672	b68db5f91dc7fab8b484586d2214e244	https://zenodo.org/api/records/8018664/files/sub-5_task-random1_eeg.edf/content
sub-5_task-random1_eeg.json	477	sha-256	de85d2dbe5bfe0f881a50bb2e607e0f091a1e745de9ebc653f223aeceb42684d	05786ecfd927551081c93b8f895f3fd9	https://zenodo.org/api/records/8018664/files/sub-5_task-random1_eeg.json/content
sub-6_task-categorySL1_channels.tsv	16831	sha-256	e163be8b6ee207f7989014f8e8858ebba8fd60464997afea95b5663a5b8f7640	fb3b692004764aa7fdc1dd5c519b2d00	https://zenodo.org/api/records/8018664/files/sub-6_task-categorySL1_channels.tsv/content
sub-6_task-categorySL1_eeg.edf	325759744	sha-256	09032fc3d7525dac32fd238fd77b89f51f11fd88cfce9ebe0ac028d235875815	fbfff5c7b39e7107d2bacb97269c4c21	https://zenodo.org/api/records/8018664/files/sub-6_task-categorySL1_eeg.edf/content
sub-6_task-categorySL1_eeg.json	481	sha-256	0a63515fca9da4886df951a760126ec717b38c8819ebdf1b164c24bc420524db	1aec46201eb700110d6a36ed1be3a1c1	https://zenodo.org/api/records/8018664/files/sub-6_task-categorySL1_eeg.json/content
sub-6_task-categorySL2_channels.tsv	16831	sha-256	e163be8b6ee207f7989014f8e8858ebba8fd60464997afea95b5663a5b8f7640	fb3b692004764aa7fdc1dd5c519b2d00	https://zenodo.org/api/records/8018664/files/sub-6_task-categorySL2_channels.tsv/content
sub-6_task-categorySL2_eeg.edf	326324992	sha-256	01bb7ab1911045e761a657f55edb3dd5ce32d25e5322e8aba7d395e8cc76d8fe	531b53defb5d1a7c85faa9cb608f69ca	https://zenodo.org/api/records/8018664/files/sub-6_task-categorySL2_eeg.edf/content
sub-6_task-categorySL2_eeg.json	481	sha-256	02eec6569eb9347978695e046910801e0843da0c57251a95da2d48f9202a2ddd	f165371630769fcee93d87ef6a8fe564	https://zenodo.org/api/records/8018664/files/sub-6_task-categorySL2_eeg.json/content
sub-6_task-exemplarSL1_channels.tsv	16831	sha-256	e163be8b6ee207f7989014f8e8858ebba8fd60464997afea95b5663a5b8f7640	fb3b692004764aa7fdc1dd5c519b2d00	https://zenodo.org/api/records/8018664/files/sub-6_task-exemplarSL1_channels.tsv/content
sub-6_task-exemplarSL1_eeg.edf	326324992	sha-256	201c0a246013725d615f17582587703796c757d90c303735d8352223eef94428	c3ca75bc66e83751f79363e2392cc5fb	https://zenodo.org/api/records/8018664/files/sub-6_task-exemplarSL1_eeg.edf/content
sub-6_task-exemplarSL1_eeg.json	481	sha-256	59e90cde4294ebbe62e3f10692474e90ad28749add2a21d6a102ea047950741b	5626e28b7424d7b5ca1dc22483b980a0	https://zenodo.org/api/records/8018664/files/sub-6_task-exemplarSL1_eeg.json/content
sub-6_task-random1_channels.tsv	16831	sha-256	e163be8b6ee207f7989014f8e8858ebba8fd60464997afea95b5663a5b8f7640	fb3b692004764aa7fdc1dd5c519b2d00	https://zenodo.org/api/records/8018664/files/sub-6_task-random1_channels.tsv/content
sub-6_task-random1_eeg.edf	325759744	sha-256	4696e234c796bcd3088ccbe5248f92cd54470e9fd42e535811ed8541c130fcfb	0dddfef9723e01153ccafb6674b4340b	https://zenodo.org/api/records/8018664/files/sub-6_task-random1_eeg.edf/content
sub-6_task-random1_eeg.json	477	sha-256	4d9dad0b304f3e3c88d105ad8c1d3306d6bb2ae9b76b5404054dec933de0e419	19418a94168a59ee9febe720414e62fd	https://zenodo.org/api/records/8018664/files/sub-6_task-random1_eeg.json/content
sub-7_task-categorySL1_channels.tsv	16899	sha-256	d01637b7dbc48492fd38773470d31f36b617595eca1af3572c286241f11a584f	81b0f9aef1f1b52e7a47b6e915bbdb6e	https://zenodo.org/api/records/8018664/files/sub-7_task-categorySL1_channels.tsv/content
sub-7_task-categorySL1_eeg.edf	332401408	sha-256	d9548b9f90add35d1edd3391681968faac799565bf2b9d17a076d5753266301d	43c4926ff6ee8e2b110a46896a2e949b	https://zenodo.org/api/records/8018664/files/sub-7_task-categorySL1_eeg.edf/content
sub-7_task-categorySL1_eeg.json	481	sha-256	462f16c70acfcf76c6235d0e0eb474e169cd981d378d4583e8c10066c41a90a3	f80f54e5264e0cd9c1dfc28cc5f7d0bd	https://zenodo.org/api/records/8018664/files/sub-7_task-categorySL1_eeg.json/content
sub-7_task-categorySL2_channels.tsv	16899	sha-256	d01637b7dbc48492fd38773470d31f36b617595eca1af3572c286241f11a584f	81b0f9aef1f1b52e7a47b6e915bbdb6e	https://zenodo.org/api/records/8018664/files/sub-7_task-categorySL2_channels.tsv/content
sub-7_task-categorySL2_eeg.edf	332931328	sha-256	f9cf9dca3c59baefb5575edf1fcec56eb71abed620ff0188f4d1b65470d2934c	c4db24457035fc30301ab0ca4a4a61ac	https://zenodo.org/api/records/8018664/files/sub-7_task-categorySL2_eeg.edf/content
sub-7_task-categorySL2_eeg.json	481	sha-256	ba21770fd66a0f118a9204899980e82e91e44bc4347b8e665ad9a4904032b885	cb372f4b3f52747a27f75fbf53861544	https://zenodo.org/api/records/8018664/files/sub-7_task-categorySL2_eeg.json/content
sub-7_task-exemplarSL1_channels.tsv	16899	sha-256	d01637b7dbc48492fd38773470d31f36b617595eca1af3572c286241f11a584f	81b0f9aef1f1b52e7a47b6e915bbdb6e	https://zenodo.org/api/records/8018664/files/sub-7_task-exemplarSL1_channels.tsv/content
sub-7_task-exemplarSL1_eeg.edf	299263744	sha-256	51d173b6a639ba43c7eb338403cde383e93a02206d83369676509016de91e177	d50d50e87a71ba62dff46cbd00a0930f	https://zenodo.org/api/records/8018664/files/sub-7_task-exemplarSL1_eeg.edf/content
sub-7_task-exemplarSL1_eeg.json	481	sha-256	66ae62a9a0ca41a8c3ccd91de85bb2ed6d94048f7a607c54281a79deaf6ebed5	387cece4c2a357e74caf9d818b63cce8	https://zenodo.org/api/records/8018664/files/sub-7_task-exemplarSL1_eeg.json/content
sub-7_task-random1_channels.tsv	16899	sha-256	d01637b7dbc48492fd38773470d31f36b617595eca1af3572c286241f11a584f	81b0f9aef1f1b52e7a47b6e915bbdb6e	https://zenodo.org/api/records/8018664/files/sub-7_task-random1_channels.tsv/content
sub-7_task-random1_eeg.edf	332401408	sha-256	fd6bebaac53a73b0d28a8027ba3c547830251a84288179bee1eb3e6ca8587b12	830db1dcd8aeecd2cec6ad24f5e4f998	https://zenodo.org/api/records/8018664/files/sub-7_task-random1_eeg.edf/content
sub-7_task-random1_eeg.json	477	sha-256	e71653eb6467b0415137b0f687aa235f1912993945e27906d264ff3e85b6c060	ec245594c300457d14a9b06ec937a69b	https://zenodo.org/api/records/8018664/files/sub-7_task-random1_eeg.json/content
sub-8_task-categorySL1_channels.tsv	16745	sha-256	93c1d280e401d491ee97dd120cf232bc6c0e8887ad4029b6fea87ce8011f0e0a	93a00befcfacfab7b80b41202400a7b6	https://zenodo.org/api/records/8018664/files/sub-8_task-categorySL1_channels.tsv/content
sub-8_task-categorySL1_eeg.edf	350595328	sha-256	cc6b42f8b28c1dc941baf64b2d01e13a5258000f005a4a103ff1456d97609f13	3446161f1ae56f03536b63173a66e317	https://zenodo.org/api/records/8018664/files/sub-8_task-categorySL1_eeg.edf/content
sub-8_task-categorySL1_eeg.json	481	sha-256	dbe2c0a587a678645e7934631c0713dc2f4ec37b5c717f9101a92e466a03b385	47e9c1cfa6581310909a379061da9070	https://zenodo.org/api/records/8018664/files/sub-8_task-categorySL1_eeg.json/content
sub-8_task-categorySL2_channels.tsv	16745	sha-256	93c1d280e401d491ee97dd120cf232bc6c0e8887ad4029b6fea87ce8011f0e0a	93a00befcfacfab7b80b41202400a7b6	https://zenodo.org/api/records/8018664/files/sub-8_task-categorySL2_channels.tsv/content
sub-8_task-categorySL2_eeg.edf	303149824	sha-256	822e8eb2dd022a3d414a798d6bfe148da1382e62c8353c54060354fae500bd3f	1f16f8a480858e666594039bceaee45f	https://zenodo.org/api/records/8018664/files/sub-8_task-categorySL2_eeg.edf/content
sub-8_task-categorySL2_eeg.json	481	sha-256	4ff755dbfe671912630e6495181b6311cdb6e594ee188a1a7c8794e2e8fbf013	e1e093c000d31253f82f6f1bc32f1f0d	https://zenodo.org/api/records/8018664/files/sub-8_task-categorySL2_eeg.json/content
sub-8_task-exemplarSL1_channels.tsv	16745	sha-256	93c1d280e401d491ee97dd120cf232bc6c0e8887ad4029b6fea87ce8011f0e0a	93a00befcfacfab7b80b41202400a7b6	https://zenodo.org/api/records/8018664/files/sub-8_task-exemplarSL1_channels.tsv/content
sub-8_task-exemplarSL1_eeg.edf	303149824	sha-256	a083c632988793e9c0a6be17bceed67813d2adf4771ab20d9e549ea21b60e7d3	ac087d686826c31785ef051828cf080d	https://zenodo.org/api/records/8018664/files/sub-8_task-exemplarSL1_eeg.edf/content
sub-8_task-exemplarSL1_eeg.json	481	sha-256	3087381e926c396d0d364e7e00f7357df64117cee4ecff8c7a6ced6f9d2fe6e6	e3b2be1ad432caa7a6719f89652b6cbf	https://zenodo.org/api/records/8018664/files/sub-8_task-exemplarSL1_eeg.json/content
sub-8_task-random1_channels.tsv	16745	sha-256	93c1d280e401d491ee97dd120cf232bc6c0e8887ad4029b6fea87ce8011f0e0a	93a00befcfacfab7b80b41202400a7b6	https://zenodo.org/api/records/8018664/files/sub-8_task-random1_channels.tsv/content
sub-8_task-random1_eeg.edf	324664576	sha-256	e64afc5a27aea73c1845811fd96cb4d24abebbe4df53e4123dda73f449cd0ee0	e74e68d57fbbe3345e3b2772e8109523	https://zenodo.org/api/records/8018664/files/sub-8_task-random1_eeg.edf/content
sub-8_task-random1_eeg.json	477	sha-256	d9aab4f0010600c0da11595547ab487c27e078fc9138ad83623086eb0e352ffa	2ee3bf9d40482d5d932d5c12fdf817b9	https://zenodo.org/api/records/8018664/files/sub-8_task-random1_eeg.json/content
