Participant,Electrode,MNI X,MNI Y,MNI Z
sub-01,G16,15,61,69
sub-01,G24,16,66,66
sub-01,G32,16,70,63
sub-01,G40,17,75,59
sub-01,G48,18,79,56
sub-01,G56,19,83,52
sub-01,G64,20,87,49
sub-01,G15,14,59,64
sub-01,G23,15,63,61
sub-01,G31,14,68,58
sub-01,G39,15,72,55
sub-01,G47,16,76,51
sub-01,G55,18,80,48
sub-01,G63,20,84,44
sub-01,G6,14,51,61
sub-01,G14,13,56,58
sub-01,G22,13,60,56
sub-01,G30,12,65,53
sub-01,G38,12,70,50
sub-01,G46,14,73,46
sub-01,G54,16,77,43
sub-01,G62,19,80,39
sub-01,G5,13,48,56
sub-01,G13,12,53,53
sub-01,G21,10,58,51
sub-01,G29,10,62,48
sub-01,G37,10,67,45
sub-01,G45,12,71,42
sub-01,G53,15,74,38
sub-01,G61,18,77,35
sub-01,G4,12,46,51
sub-01,G12,11,50,49
sub-01,G20,8,55,46
sub-01,G28,8,59,43
sub-01,G36,9,64,40
sub-01,G44,11,68,37
sub-01,G52,13,71,33
sub-01,G60,17,73,30
sub-01,G3,12,43,45
sub-01,G11,10,47,43
sub-01,G19,7,52,41
sub-01,G27,7,56,38
sub-01,G35,8,60,35
sub-01,G43,10,64,32
sub-01,G51,12,67,28
sub-01,G59,15,70,25
sub-01,G2,12,40,41
sub-01,G10,9,44,38
sub-01,G18,8,49,36
sub-01,G26,8,53,33
sub-01,G34,8,57,30
sub-01,G42,10,61,27
sub-01,G50,12,64,24
sub-01,G58,14,68,20
sub-01,G1,13,38,36
sub-01,G9,11,42,33
sub-01,G17,9,46,31
sub-01,G25,8,50,28
sub-01,G33,9,54,25
sub-01,G41,10,56,22
sub-01,G49,12,60,20
sub-01,PID12,21,47,61
sub-01,PID11,22,48,58
sub-01,PID10,22,49,56
sub-01,PID9,23,50,53
sub-01,PID8,23,52,51
sub-01,PID7,23,53,48
sub-01,PID6,24,54,46
sub-01,PID5,24,56,43
sub-01,PID4,24,57,41
sub-01,PID3,24,58,38
sub-01,PID2,24,60,36
sub-01,PID1,24,61,33
sub-01,AID12,27,91,52
sub-01,AID11,28,89,51
sub-01,AID10,28,87,50
sub-01,AID9,28,84,49
sub-01,AID8,28,82,47
sub-01,AID7,28,80,46
sub-01,AID6,28,77,44
sub-01,AID5,28,75,42
sub-01,AID4,27,73,40
sub-01,AID3,27,71,38
sub-01,AID2,27,69,36
sub-01,AID1,26,67,34
sub-01,MID12,26,81,62
sub-01,MID11,26,80,59
sub-01,MID10,26,78,57
sub-01,MID9,26,76,55
sub-01,MID8,27,74,53
sub-01,MID7,27,73,50
sub-01,MID6,27,71,47
sub-01,MID5,27,70,45
sub-01,MID4,27,69,42
sub-01,MID3,27,67,39
sub-01,MID2,27,66,36
sub-01,MID1,27,65,34
sub-01,PCD12,17,36,62
sub-01,PCD11,19,37,61
sub-01,PCD10,22,39,60
sub-01,PCD9,24,40,60
sub-01,PCD8,26,41,59
sub-01,PCD7,28,43,58
sub-01,PCD6,30,44,57
sub-01,PCD5,32,46,56
sub-01,PCD4,34,47,56
sub-01,PCD3,36,48,54
sub-01,PCD2,38,50,53
sub-01,PCD1,41,51,52
sub-01,ACD12,24,86,68
sub-01,ACD11,22,87,66
sub-01,ACD10,23,86,64
sub-01,ACD9,24,85,62
sub-01,ACD8,26,84,61
sub-01,ACD7,28,83,60
sub-01,ACD6,30,82,59
sub-01,ACD5,33,81,58
sub-01,ACD4,35,80,57
sub-01,ACD3,37,79,56
sub-01,ACD2,39,78,55
sub-01,ACD1,41,77,53
sub-01,AD12,9,53,27
sub-01,AD11,12,53,27
sub-01,AD10,14,55,28
sub-01,AD9,16,56,29
sub-01,AD8,19,56,29
sub-01,AD7,22,57,29
sub-01,AD6,24,58,29
sub-01,AD5,27,59,29
sub-01,AD4,29,59,29
sub-01,AD3,32,60,29
sub-01,AD2,34,61,29
sub-01,AD1,37,61,29
sub-01,HD12,8,38,39
sub-01,HD11,10,39,38
sub-01,HD10,12,41,36
sub-01,HD9,14,42,35
sub-01,HD8,16,43,34
sub-01,HD7,18,45,33
sub-01,HD6,21,46,33
sub-01,HD5,23,47,32
sub-01,HD4,25,49,32
sub-01,HD3,27,50,32
sub-01,HD2,30,51,32
sub-01,HD1,32,52,32
sub-01,MF8,24,93,45
sub-01,MF7,28,97,43
sub-01,MF6,32,100,42
sub-01,MF5,36,101,40
sub-01,MF4,40,99,36
sub-01,MF3,43,96,32
sub-01,MF2,43,93,27
sub-01,MF1,43,89,23
sub-01,IF6,20,87,35
sub-01,IF5,22,91,33
sub-01,IF4,26,95,31
sub-01,IF3,30,98,30
sub-01,IF2,35,99,30
sub-01,IF1,40,100,30
sub-01,OF12,20,77,30
sub-01,OF11,25,77,26
sub-01,OF10,30,77,24
sub-01,OF9,35,76,22
sub-01,OF8,40,76,21
sub-01,OF7,45,76,21
sub-01,OF6,50,76,22
sub-01,OF5,55,76,23
sub-01,OF4,60,76,25
sub-01,OF3,65,76,28
sub-01,OF2,69,75,31
sub-01,OF1,72,75,35
sub-01,AMT12,18,74,24
sub-01,AMT11,22,76,20
sub-01,AMT10,26,75,17
sub-01,AMT9,30,72,16
sub-01,AMT8,32,67,15
sub-01,AMT7,32,62,16
sub-01,AMT6,30,58,18
sub-01,AMT5,28,53,18
sub-01,AMT4,26,48,19
sub-01,AMT3,23,44,22
sub-01,AMT2,21,40,24
sub-01,AMT1,18,35,26
sub-01,ALT5,18,64,12
sub-01,ALT4,22,64,10
sub-01,ALT3,28,65,11
sub-01,ALT2,31,65,14
sub-01,ALT1,33,65,20
sub-01,MT8,11,56,21
sub-01,MT7,13,53,19
sub-01,MT6,18,52,20
sub-01,MT5,23,52,22
sub-01,MT4,28,51,23
sub-01,MT3,33,51,24
sub-01,PT12,15,36,30
sub-01,PT11,19,33,28
sub-01,PT10,24,32,28
sub-01,PT9,29,31,29
sub-01,PT8,34,30,30
sub-01,PT7,38,30,33
sub-01,PT6,42,29,37
sub-01,PT5,44,27,41
sub-01,PT4,44,25,46
sub-01,PT3,43,23,52
sub-01,PT2,42,22,57
sub-01,PT1,38,21,61
sub-01,RO8,14,37,46
sub-01,RO7,16,32,45
sub-01,RO6,19,28,44
sub-01,RO5,22,24,44
sub-01,RO4,25,20,43
sub-01,RO3,29,16,42
sub-01,RO2,33,13,42
sub-01,RO1,38,13,41
sub-01,SP6,17,52,64
sub-01,SP5,19,49,67
sub-01,SP4,21,45,70
sub-01,SP3,23,41,72
sub-01,SP2,27,37,72
sub-01,SP1,30,33,72
sub-01,R4,15,35,53
sub-01,R3,17,31,54
sub-01,R2,21,27,53
sub-01,R1,24,23,53
sub-01,R2,22,48,77
sub-01,R1,22,43,76
sub-02,G8,53,70,76
sub-02,G16,54,64,78
sub-02,G24,54,58,80
sub-02,G32,55,52,81
sub-02,G40,54,47,81
sub-02,G48,52,41,77
sub-02,G7,58,70,73
sub-02,G15,59,64,75
sub-02,G23,59,58,78
sub-02,G31,59,52,79
sub-02,G39,59,46,78
sub-02,G47,57,40,76
sub-02,G6,62,70,71
sub-02,G14,63,64,73
sub-02,G22,64,58,75
sub-02,G30,64,52,76
sub-02,G38,63,45,76
sub-02,G46,62,39,74
sub-02,G5,66,69,66
sub-02,G13,67,64,69
sub-02,G21,68,57,72
sub-02,G29,68,51,73
sub-02,G37,68,45,72
sub-02,G45,66,39,70
sub-02,G4,70,68,62
sub-02,G12,70,63,64
sub-02,G20,72,57,67
sub-02,G28,72,51,68
sub-02,G36,71,45,68
sub-02,G44,70,39,66
sub-02,G3,73,67,57
sub-02,G11,73,61,59
sub-02,G19,74,56,62
sub-02,G27,74,50,63
sub-02,G35,74,45,63
sub-02,G43,72,39,60
sub-02,G2,76,65,52
sub-02,G10,76,60,54
sub-02,G18,77,55,57
sub-02,G26,77,49,57
sub-02,G34,77,45,57
sub-02,G42,76,40,56
sub-02,G1,77,62,47
sub-02,G9,78,58,49
sub-02,G17,79,54,51
sub-02,G25,79,50,52
sub-02,G33,79,46,52
sub-02,G41,78,40,51
sub-02,MF8,59,80,65
sub-02,MF7,60,84,60
sub-02,MF6,60,88,55
sub-02,MF5,60,92,51
sub-02,MF4,60,95,46
sub-02,MF3,59,98,41
sub-02,MF2,57,100,35
sub-02,MF1,55,99,29
sub-02,IF8,69,73,59
sub-02,IF7,72,75,54
sub-02,IF6,74,76,49
sub-02,IF5,74,76,43
sub-02,IF4,73,74,37
sub-02,IF3,72,73,31
sub-02,IF2,72,72,25
sub-02,IF1,71,71,19
sub-02,AT8,72,64,63
sub-02,AT7,74,64,56
sub-02,AT6,76,64,50
sub-02,AT5,77,62,45
sub-02,AT4,78,62,39
sub-02,AT3,78,60,33
sub-02,AT2,78,58,27
sub-02,AT1,78,56,21
sub-02,PT8,73,38,63
sub-02,PT7,72,34,58
sub-02,PT6,72,30,54
sub-02,PT5,71,26,49
sub-02,PT4,70,23,44
sub-02,PT3,68,21,39
sub-02,PT2,65,18,34
sub-02,PT1,62,17,28
sub-02,IP7,65,31,64
sub-02,IP6,66,26,60
sub-02,IP5,65,23,55
sub-02,IP4,65,21,50
sub-02,IP3,64,19,44
sub-02,IP2,63,17,38
sub-02,IP1,63,15,32
sub-02,SP8,55,32,70
sub-02,SP7,54,28,65
sub-02,SP6,53,24,61
sub-02,SP5,53,20,56
sub-02,SP4,52,17,51
sub-02,SP3,52,15,45
sub-02,SP2,51,13,39
sub-02,SP1,51,14,33
sub-02,SPL8,52,39,78
sub-02,SPL7,57,37,75
sub-02,SPL6,61,36,72
sub-02,SPL4,68,33,63
sub-02,AIH10,46,42,59
sub-02,AIH20,46,42,65
sub-02,AIH9,45,48,59
sub-02,AIH19,46,49,65
sub-02,AIH8,45,54,58
sub-02,AIH18,46,54,64
sub-02,AIH7,45,60,58
sub-02,AIH17,46,60,64
sub-02,AIH6,45,66,58
sub-02,AIH16,46,67,64
sub-02,AIH5,45,72,57
sub-02,AIH15,45,73,63
sub-02,PIH8,46,42,66
sub-02,PIH7,46,38,63
sub-02,PIH6,46,34,60
sub-02,PIH5,46,30,54
sub-02,PIH4,46,26,49
sub-02,PIH3,45,24,44
sub-02,REF2,53,90,71
sub-02,REF1,58,90,69
sub-02,GR4,65,74,66
sub-02,GR3,64,79,62
sub-02,GR2,63,83,58
sub-02,GR1,63,88,54
sub-03,G8,13,64,55
sub-03,G16,14,69,57
sub-03,G24,18,73,63
sub-03,G32,20,78,63
sub-03,G40,24,82,63
sub-03,G48,27,87,64
sub-03,G56,31,90,65
sub-03,G64,36,92,64
sub-03,G7,13,64,49
sub-03,G15,13,70,50
sub-03,G23,16,75,58
sub-03,G31,18,80,58
sub-03,G39,22,84,58
sub-03,G47,26,88,58
sub-03,G55,30,92,59
sub-03,G63,35,94,59
sub-03,G6,12,66,44
sub-03,G14,13,71,45
sub-03,G22,13,77,51
sub-03,G30,15,82,53
sub-03,G38,20,86,53
sub-03,G46,24,91,54
sub-03,G54,29,95,55
sub-03,G62,34,97,55
sub-03,G5,13,67,38
sub-03,G13,14,72,39
sub-03,G21,11,79,45
sub-03,G29,14,84,47
sub-03,G37,20,88,47
sub-03,G45,24,92,48
sub-03,G53,28,97,49
sub-03,G61,33,99,49
sub-03,G4,14,67,32
sub-03,G12,16,72,33
sub-03,G20,12,80,39
sub-03,G28,13,85,41
sub-03,G36,20,89,41
sub-03,G44,23,93,42
sub-03,G52,28,99,44
sub-03,G60,32,101,44
sub-03,G3,15,67,26
sub-03,G11,18,72,28
sub-03,G19,14,80,33
sub-03,G27,15,86,35
sub-03,G35,20,90,35
sub-03,G43,24,94,36
sub-03,G51,27,100,38
sub-03,G59,32,102,38
sub-03,G2,16,68,21
sub-03,G10,19,72,23
sub-03,G18,18,81,30
sub-03,G26,18,87,30
sub-03,G34,22,90,29
sub-03,G42,22,95,29
sub-03,G50,28,100,32
sub-03,G58,31,103,33
sub-03,G1,19,68,17
sub-03,G9,21,71,18
sub-03,G17,23,81,26
sub-03,G25,22,88,26
sub-03,G33,25,89,24
sub-03,G41,28,93,26
sub-03,G49,29,98,27
sub-03,AI12,33,69,61
sub-03,AI11,32,69,59
sub-03,AI10,31,69,57
sub-03,AI9,30,69,54
sub-03,AI8,29,69,52
sub-03,AI7,27,70,49
sub-03,AI6,26,70,46
sub-03,AI5,25,70,43
sub-03,AI4,24,71,40
sub-03,AI3,24,71,37
sub-03,AI2,23,71,34
sub-03,AI1,23,71,31
sub-03,Ca12,33,87,59
sub-03,Ca11,34,87,57
sub-03,Ca10,35,86,55
sub-03,Ca9,35,85,53
sub-03,Ca8,36,84,50
sub-03,Ca7,36,83,48
sub-03,Ca6,37,82,45
sub-03,Ca5,37,80,41
sub-03,Ca4,38,79,39
sub-03,Ca3,39,77,36
sub-03,Ca2,39,76,33
sub-03,Ca1,40,75,31
sub-03,LZ12,32,95,48
sub-03,LZ11,33,96,46
sub-03,LZ10,34,96,43
sub-03,LZ9,35,96,40
sub-03,LZ8,36,97,37
sub-03,LZ7,37,97,35
sub-03,LZ6,38,98,33
sub-03,LZ5,38,98,30
sub-03,LZ4,39,99,27
sub-03,LZ3,40,99,24
sub-03,LZ2,41,100,21
sub-03,LZ1,41,101,18
sub-03,ENC12,27,90,52
sub-03,ENC11,28,92,51
sub-03,ENC10,29,93,48
sub-03,ENC9,31,94,46
sub-03,ENC8,32,94,44
sub-03,ENC7,34,95,41
sub-03,ENC6,35,95,38
sub-03,ENC5,37,95,36
sub-03,ENC4,38,95,34
sub-03,ENC3,40,95,31
sub-03,ENC2,41,95,29
sub-03,ENC1,42,95,26
sub-03,AC12,19,71,62
sub-03,AC11,21,73,62
sub-03,AC10,23,74,62
sub-03,AC9,26,75,60
sub-03,AC8,28,76,60
sub-03,AC7,31,77,58
sub-03,AC6,33,78,57
sub-03,AC5,36,79,56
sub-03,AC4,38,80,54
sub-03,AC3,41,81,53
sub-03,AC2,43,81,52
sub-03,AC1,45,82,51
sub-03,MFa8,38,106,34
sub-03,MFa7,42,106,31
sub-03,MFa6,47,104,28
sub-03,MFa5,50,100,26
sub-03,MFa4,53,95,25
sub-03,MFa3,55,90,26
sub-03,MFa2,58,86,26
sub-03,MFa1,61,81,25
sub-03,MFb6,28,102,37
sub-03,MFb5,30,103,33
sub-03,MFb3,36,102,22
sub-03,MFb2,40,101,18
sub-03,MiF6,25,94,30
sub-03,MiF5,26,95,27
sub-03,MiF4,32,96,26
sub-03,MiF3,36,97,23
sub-03,MiF2,41,98,18
sub-03,OF12,23,83,25
sub-03,OF11,28,82,23
sub-03,OF10,34,82,22
sub-03,OF9,40,81,21
sub-03,OF8,44,80,19
sub-03,OF7,50,80,19
sub-03,OF6,54,82,22
sub-03,OF5,59,84,24
sub-03,OF4,63,86,26
sub-03,OF3,67,88,31
sub-03,OF2,69,89,36
sub-03,OF1,69,89,42
sub-03,AMT12,20,75,26
sub-03,AMT11,23,77,22
sub-03,AMT10,27,78,18
sub-03,AMT9,31,76,14
sub-03,AMT8,35,73,13
sub-03,AMT7,37,68,13
sub-03,AMT6,36,63,15
sub-03,AMT5,34,59,18
sub-03,AMT4,31,56,20
sub-03,AMT3,29,51,21
sub-03,AMT2,27,47,23
sub-03,AMT1,25,42,24
sub-03,ALT8,11,59,36
sub-03,ALT7,10,57,30
sub-03,ALT6,11,56,24
sub-03,ALT5,15,55,19
sub-03,ALT4,19,55,16
sub-03,ALT3,24,57,14
sub-03,ALT2,29,60,14
sub-03,ALT1,33,63,13
sub-03,PT12,11,56,49
sub-03,PT11,10,51,47
sub-03,PT10,9,46,44
sub-03,PT9,9,41,41
sub-03,PT8,10,36,37
sub-03,PT7,12,32,34
sub-03,PT6,16,29,31
sub-03,PT5,19,26,29
sub-03,PT4,25,24,29
sub-03,PT3,30,23,29
sub-03,PT2,35,21,29
sub-03,PT1,40,19,30
sub-03,P8,28,78,66
sub-03,P7,29,74,70
sub-03,P6,30,69,73
sub-03,P5,31,64,74
sub-03,P4,32,59,75
sub-03,P3,33,54,76
sub-03,P2,35,49,76
sub-03,P1,37,44,76
sub-03,R4,16,63,63
sub-03,R3,16,58,66
sub-03,R2,16,53,68
sub-03,R1,17,48,68
sub-03,L2,74,79,59
sub-03,L1,72,83,56
sub-04,RG5,35,35,73
sub-04,RG10,35,39,75
sub-04,RG15,37,44,75
sub-04,RG20,38,50,76
sub-04,RG4,30,35,74
sub-04,RG9,30,39,76
sub-04,RG14,31,44,75
sub-04,RG19,32,50,74
sub-04,RG3,25,35,72
sub-04,RG8,25,40,74
sub-04,RG13,26,45,74
sub-04,RG18,27,51,74
sub-04,RG2,21,37,68
sub-04,RG7,21,41,70
sub-04,RG12,22,47,71
sub-04,RG17,23,52,71
sub-04,RG1,16,38,65
sub-04,RG6,17,43,67
sub-04,RG11,18,48,67
sub-04,RG16,20,53,67
sub-04,RPID12,24,42,47
sub-04,RPID11,24,45,46
sub-04,RPID10,25,47,44
sub-04,RPID9,24,50,42
sub-04,RPID8,25,52,40
sub-04,RPID7,24,54,38
sub-04,RPID6,24,56,37
sub-04,RPID5,24,58,35
sub-04,RPID4,24,61,33
sub-04,RPID3,24,63,31
sub-04,RPID2,25,65,30
sub-04,RPID1,25,67,28
sub-04,RPCD12,15,34,59
sub-04,RPCD11,17,36,60
sub-04,RPCD10,21,38,60
sub-04,RPCD9,24,39,60
sub-04,RPCD8,27,41,60
sub-04,RPCD7,29,43,59
sub-04,RPCD6,32,44,59
sub-04,RPCD5,33,46,59
sub-04,RPCD4,36,47,59
sub-04,RPCD3,38,49,59
sub-04,RPCD2,40,50,60
sub-04,RPCD1,42,52,60
sub-04,RAi8,43,44,74
sub-04,RAi7,43,49,74
sub-04,RAi6,44,53,72
sub-04,RAi5,44,58,68
sub-04,RAi4,45,62,65
sub-04,RAi3,45,67,63
sub-04,RAi2,45,71,60
sub-04,RAi1,46,76,58
sub-04,RPi8,44,48,76
sub-04,RPi7,44,43,73
sub-04,RPi6,43,40,68
sub-04,RPi5,43,36,65
sub-04,RPi4,44,31,63
sub-04,RPi3,44,27,59
sub-04,RSP12,32,31,71
sub-04,RSP11,33,28,68
sub-04,RSP10,33,23,64
sub-04,RSP9,32,20,60
sub-04,RSP8,33,17,55
sub-04,RSP7,33,15,49
sub-04,RSP6,34,14,43
sub-04,RSP5,32,13,38
sub-04,RSP4,28,13,33
sub-04,RSP3,26,17,29
sub-04,RIP12,22,33,68
sub-04,RIP11,20,30,63
sub-04,RIP10,19,26,58
sub-04,RIP9,19,24,53
sub-04,RIP8,20,22,47
sub-04,RIP7,21,19,41
sub-04,RIP6,23,18,35
sub-04,RIP5,26,19,29
sub-04,RIP4,28,23,27
sub-04,RIP3,30,28,28
sub-04,RIP2,33,33,30
sub-04,RIP1,34,37,31
sub-04,RIF12,23,61,68
sub-04,RIF11,20,64,66
sub-04,RIF10,16,67,63
sub-04,RIF9,14,69,58
sub-04,RIF8,12,72,51
sub-04,RIF7,13,73,45
sub-04,RIF6,14,72,39
sub-04,RIF5,16,72,33
sub-04,RIF4,18,72,27
sub-04,RIF3,20,73,22
sub-04,RIF2,23,72,16
sub-04,RIF1,27,71,12
sub-04,RMF12,26,64,72
sub-04,RMF11,24,69,70
sub-04,RMF10,24,73,67
sub-04,RMF9,23,77,64
sub-04,RMF8,23,81,60
sub-04,RMF7,23,85,56
sub-04,RMF6,23,89,51
sub-04,RMF5,23,94,47
sub-04,RMF4,24,96,42
sub-04,RMF3,27,98,37
sub-04,RMF2,31,99,32
sub-04,RMF1,35,100,27
sub-04,RSF12,30,74,69
sub-04,RSF11,32,79,67
sub-04,RSF10,34,83,65
sub-04,RSF9,36,88,64
sub-04,RSF8,38,93,62
sub-04,RSF7,39,97,59
sub-04,RSF6,41,100,54
sub-04,RSF5,42,102,48
sub-04,RSF4,42,103,42
sub-04,RSF3,42,102,35
sub-04,RSF2,41,100,29
sub-04,RSF1,41,97,25
sub-04,RE2,42,75,82
sub-04,RE1,36,76,80
sub-04,GR4,29,29,70
sub-04,GR3,28,25,66
sub-04,GR2,27,22,61
sub-04,GR1,27,19,56
sub-05,AID12,63,71,58
sub-05,AID11,63,70,55
sub-05,AID10,63,69,53
sub-05,AID9,63,69,50
sub-05,AID8,63,68,48
sub-05,AID7,63,68,46
sub-05,AID6,63,67,44
sub-05,AID5,63,67,41
sub-05,AID4,63,66,38
sub-05,AID3,63,66,36
sub-05,AID2,63,66,33
sub-05,AID1,64,65,30
sub-05,ACD12,64,86,62
sub-05,ACD11,64,87,60
sub-05,ACD10,63,86,58
sub-05,ACD9,61,85,57
sub-05,ACD8,59,83,55
sub-05,ACD7,57,82,54
sub-05,ACD6,56,81,52
sub-05,ACD5,54,80,51
sub-05,ACD4,52,80,49
sub-05,ACD3,50,80,48
sub-05,ACD2,48,80,46
sub-05,ACD1,46,79,44
sub-05,HD8,75,50,32
sub-05,HD7,72,50,31
sub-05,HD6,69,51,31
sub-05,HD5,66,50,31
sub-05,HD4,63,49,31
sub-05,HD3,60,49,30
sub-05,HD2,58,49,30
sub-05,HD1,54,49,30
sub-05,CSD12,83,38,38
sub-05,CSD11,82,41,36
sub-05,CSD6,75,50,30
sub-05,CSD5,72,50,29
sub-05,CSD4,70,50,27
sub-05,CSD3,67,50,26
sub-05,CSD2,65,50,25
sub-05,CSD1,62,50,24
sub-05,AD12,82,52,33
sub-05,AD11,81,54,33
sub-05,AD10,79,56,33
sub-05,AD9,76,56,33
sub-05,AD8,73,57,33
sub-05,AD7,70,57,32
sub-05,AD6,68,57,31
sub-05,AD5,65,58,31
sub-05,AD4,63,58,31
sub-05,AD3,60,58,30
sub-05,AD2,58,59,30
sub-05,AD1,55,59,29
sub-05,OF12,67,79,28
sub-05,OF11,63,78,26
sub-05,OF10,58,78,25
sub-05,OF9,52,78,24
sub-05,OF8,45,77,23
sub-05,OF7,39,77,23
sub-05,OF6,34,76,24
sub-05,OF5,79,48,33
sub-05,OF4,26,76,28
sub-05,OF3,22,75,31
sub-05,OF2,19,75,35
sub-05,OF1,17,75,40
sub-05,GMF8,70,87,39
sub-05,GMF16,70,87,35
sub-05,GMF7,66,90,40
sub-05,GMF15,67,91,35
sub-05,GMF6,62,94,41
sub-05,GMF14,63,95,35
sub-05,GMF5,58,97,41
sub-05,GMF13,59,99,36
sub-05,GMF4,54,101,42
sub-05,GMF12,55,102,37
sub-05,AMT8,74,69,20
sub-05,AMT7,71,67,17
sub-05,AMT6,67,65,15
sub-05,AMT5,62,61,17
sub-05,AMT4,60,58,20
sub-05,AMT3,57,54,23
sub-05,AMT2,55,50,25
sub-05,ALa6,78,59,20
sub-05,ALa5,74,55,19
sub-05,ALa4,69,53,21
sub-05,ALa3,64,50,22
sub-05,ALa2,59,47,24
sub-05,ALb4,78,54,21
sub-05,ALb3,73,52,21
sub-05,ALb2,67,51,22
sub-05,ALb1,61,50,22
sub-05,MT8,79,44,28
sub-05,MT7,75,41,26
sub-05,MT6,70,38,25
sub-05,MT5,66,35,25
sub-05,MT4,61,34,27
sub-05,MT3,56,33,29
sub-05,MT2,51,31,32
sub-05,MT1,48,29,35
sub-05,PT12,79,35,42
sub-05,PT11,77,30,40
sub-05,PT10,74,25,38
sub-05,PT9,71,21,37
sub-05,PT8,67,17,35
sub-05,PT7,63,14,33
sub-05,PT6,58,12,31
sub-05,PT5,53,11,31
sub-05,PT4,47,13,30
sub-05,PT3,44,16,32
sub-05,PT2,44,21,35
sub-05,PT1,45,25,38
sub-05,SO8,75,46,64
sub-05,SO7,71,41,66
sub-05,SO6,67,37,68
sub-05,SO5,62,33,69
sub-05,SO4,58,29,70
sub-05,SO3,53,26,69
sub-05,GFT8,71,82,37
sub-05,GFT16,73,78,40
sub-05,GFT24,73,74,43
sub-05,GFT32,74,70,47
sub-05,GFT40,76,67,51
sub-05,GFT48,77,63,55
sub-05,GFT56,76,59,59
sub-05,GFT64,75,56,63
sub-05,GFT7,70,78,33
sub-05,GFT15,72,74,36
sub-05,GFT23,74,71,40
sub-05,GFT31,76,67,43
sub-05,GFT39,78,63,47
sub-05,GFT47,79,60,52
sub-05,GFT55,79,56,56
sub-05,GFT63,79,52,60
sub-05,GFT6,70,74,30
sub-05,GFT14,73,71,32
sub-05,GFT22,76,67,35
sub-05,GFT30,78,63,39
sub-05,GFT38,79,60,44
sub-05,GFT46,81,57,49
sub-05,GFT54,81,53,53
sub-05,GFT62,81,49,57
sub-05,GFT5,72,71,25
sub-05,GFT13,75,68,27
sub-05,GFT21,78,64,31
sub-05,GFT29,80,60,35
sub-05,GFT37,81,56,41
sub-05,GFT45,82,53,45
sub-05,GFT53,82,49,49
sub-05,GFT61,81,45,54
sub-05,GFT4,74,68,20
sub-05,GFT12,76,65,23
sub-05,GFT20,81,61,27
sub-05,GFT28,82,57,31
sub-05,GFT36,82,52,37
sub-05,GFT44,83,49,42
sub-05,GFT52,82,45,46
sub-05,GFT60,81,41,50
sub-05,GFT3,74,65,16
sub-05,GFT11,78,63,19
sub-05,GFT19,81,57,24
sub-05,GFT27,82,54,28
sub-05,GFT35,82,49,34
sub-05,GFT43,83,45,38
sub-05,GFT51,81,42,42
sub-05,GFT59,80,37,46
sub-05,Re4,73,49,67
sub-05,Re3,70,45,69
sub-05,Re2,67,40,70
sub-05,Re1,64,34,71
sub-05,Gr2,65,92,53
sub-05,Gr1,62,93,56
sub-05,IO8,80,39,54
sub-05,IO7,77,35,57
sub-05,IO6,73,32,60
sub-05,IO5,68,28,62
sub-05,IO4,64,26,64
sub-05,IO3,59,24,66
sub-05,IO2,53,24,66
sub-05,IO1,48,25,65
sub-06,G24,76,71,52
sub-06,G32,77,66,53
sub-06,G40,78,59,53
sub-06,G48,79,54,53
sub-06,G56,79,49,53
sub-06,G64,79,44,53
sub-06,G23,75,70,46
sub-06,G31,76,66,46
sub-06,G39,78,59,47
sub-06,G47,79,54,47
sub-06,G55,80,49,47
sub-06,G63,80,44,47
sub-06,G22,74,70,40
sub-06,G30,76,65,40
sub-06,G38,78,58,40
sub-06,G46,80,54,41
sub-06,G54,81,49,42
sub-06,G62,80,44,42
sub-06,G21,73,69,34
sub-06,G29,76,65,35
sub-06,G37,79,58,35
sub-06,G45,80,53,35
sub-06,G53,81,49,35
sub-06,G61,80,44,35
sub-06,G20,72,69,29
sub-06,G28,75,64,29
sub-06,G36,78,58,29
sub-06,G44,79,53,29
sub-06,G52,79,49,30
sub-06,G60,79,44,30
sub-06,G19,72,68,23
sub-06,G27,73,64,23
sub-06,G35,76,57,23
sub-06,G43,78,53,24
sub-06,G51,78,49,24
sub-06,G59,77,44,24
sub-06,IFG8,73,77,44
sub-06,IFG16,73,75,39
sub-06,IFG7,71,82,42
sub-06,IFG15,71,80,37
sub-06,IFG6,69,86,41
sub-06,IFG14,70,84,35
sub-06,IFG5,67,90,39
sub-06,IFG13,67,89,34
sub-06,IFG4,63,94,38
sub-06,IFG12,64,92,32
sub-06,IFG3,59,97,36
sub-06,IFG11,60,95,30
sub-06,MF8,73,77,49
sub-06,MF7,70,81,50
sub-06,MF6,68,86,50
sub-06,MF5,65,90,49
sub-06,MF4,62,94,49
sub-06,MF3,58,97,47
sub-06,MF2,53,100,46
sub-06,MF1,49,101,43
sub-06,OF8,69,75,31
sub-06,OF7,66,76,26
sub-06,OF6,62,79,24
sub-06,OF5,59,83,25
sub-06,OF4,56,87,26
sub-06,OF3,53,91,26
sub-06,OF2,50,96,26
sub-06,OF1,48,100,27
sub-06,ALT8,72,65,19
sub-06,ALT7,70,66,14
sub-06,ALT6,65,66,10
sub-06,ALT5,60,66,9
sub-06,AMT12,69,72,26
sub-06,AMT11,66,74,21
sub-06,AMT10,63,74,16
sub-06,AMT9,60,71,13
sub-06,AMT8,58,67,12
sub-06,AMT7,58,62,12
sub-06,AMT6,60,58,14
sub-06,AMT5,63,54,17
sub-06,AMT4,66,50,20
sub-06,AMT3,68,46,22
sub-06,AMT2,71,42,23
sub-06,AMT1,73,38,24
sub-06,MT8,74,57,20
sub-06,MT7,71,58,15
sub-06,MT6,67,59,11
sub-06,MT5,62,61,9
sub-06,MT4,58,63,10
sub-06,MT3,57,67,13
sub-06,MT2,58,71,16
sub-06,MT1,62,73,20
sub-06,PT12,79,42,33
sub-06,PT11,77,40,28
sub-06,PT10,73,38,25
sub-06,PT9,69,37,24
sub-06,PT8,63,35,25
sub-06,PT7,58,34,27
sub-06,PT6,54,32,29
sub-06,PT5,49,30,31
sub-06,PT4,46,28,35
sub-06,PT3,45,25,39
sub-06,PT2,45,22,44
sub-06,SP6,74,48,64
sub-06,SP5,70,46,68
sub-06,SP4,67,45,72
sub-06,SP3,62,43,75
sub-06,SP2,58,41,78
sub-06,SP1,53,39,79
sub-06,IO12,77,36,51
sub-06,IO11,75,32,54
sub-06,IO10,72,29,55
sub-06,IO9,68,25,56
sub-06,IO8,64,23,56
sub-06,IO7,59,21,56
sub-06,IO6,54,19,55
sub-06,IO5,49,18,53
sub-06,IO3,45,21,44
sub-06,IO2,45,23,39
sub-06,IO1,46,25,34
sub-06,Gr4,75,61,61
sub-06,Gr3,72,60,66
sub-06,Gr2,68,60,71
sub-06,Gr1,64,59,74
sub-06,Re2,71,78,67
sub-06,Re1,74,76,63
sub-06,AID8,63,66,53
sub-06,AID7,64,66,51
sub-06,AID6,64,66,47
sub-06,AID5,64,66,45
sub-06,AID4,64,66,42
sub-06,AID3,66,66,38
sub-06,AID2,66,66,36
sub-06,AID1,65,66,33
sub-06,PID8,65,46,48
sub-06,PID7,65,49,46
sub-06,PID6,65,50,45
sub-06,PID4,65,54,41
sub-06,PID3,65,56,39
sub-06,PID2,65,57,36
sub-06,PID1,65,59,35
sub-06,TD8,69,50,37
sub-06,TD7,69,52,36
sub-06,TD6,70,54,35
sub-06,TD5,70,57,34
sub-06,TD4,71,59,33
sub-06,TD3,71,61,32
sub-06,TD2,72,63,31
sub-06,TD1,73,66,30
sub-06,HD8,62,43,35
sub-06,HD7,62,45,34
sub-06,HD6,61,48,33
sub-06,HD5,61,50,32
sub-06,HD4,61,52,31
sub-06,HD3,60,55,30
sub-06,HD2,60,57,29
sub-06,HD1,59,59,28
sub-06,FCD12,78,60,53
sub-06,FCD11,78,61,50
sub-06,FCD10,77,62,47
sub-06,FCD9,77,63,44
sub-06,FCD8,77,64,41
sub-06,FCD7,76,64,39
sub-06,FCD6,74,64,36
sub-06,FCD5,72,64,34
sub-06,FCD4,70,64,32
sub-06,FCD3,68,64,30
sub-06,FCD2,66,63,28
sub-06,FCD1,64,63,27
sub-06,FC12,77,59,20
sub-06,FC11,77,61,22
sub-06,FC10,76,64,25
sub-06,FC9,77,63,29
sub-06,FC8,77,62,32
sub-06,FC7,76,61,34
sub-06,FC6,74,60,36
sub-06,FC5,73,59,38
sub-06,FC4,71,57,39
sub-06,FC3,69,56,40
sub-06,FC2,67,54,41
sub-07,LAI8,61,79,60
sub-07,LAI7,61,78,57
sub-07,LAI6,60,76,54
sub-07,LAI5,60,74,51
sub-07,LAI4,60,73,49
sub-07,LAI3,61,72,46
sub-07,LAI2,61,70,43
sub-07,LAI1,61,69,40
sub-07,LPI9,56,30,76
sub-07,LPI8,61,51,50
sub-07,LPI7,61,53,48
sub-07,LPI6,61,55,45
sub-07,LPI5,62,57,43
sub-07,LPI4,62,59,40
sub-07,LPI3,62,61,38
sub-07,LPI2,63,63,36
sub-07,LPI1,63,64,33
sub-07,LA8,78,60,29
sub-07,LA7,75,60,29
sub-07,LA6,72,60,28
sub-07,LA5,69,60,28
sub-07,LA4,66,60,28
sub-07,LA3,63,60,28
sub-07,LA2,61,60,27
sub-07,LA1,58,60,27
sub-07,LH8,81,51,33
sub-07,LH7,78,51,32
sub-07,LH6,75,52,31
sub-07,LH5,72,52,31
sub-07,LH4,69,52,31
sub-07,LH3,66,53,30
sub-07,LH2,64,53,29
sub-07,LH1,61,53,29
sub-07,LOF12,57,90,60
sub-07,LOF11,57,89,57
sub-07,LOF10,57,88,55
sub-07,LOF9,56,87,52
sub-07,LOF8,56,85,48
sub-07,LOF7,56,84,45
sub-07,LOF6,56,83,42
sub-07,LOF5,56,82,39
sub-07,LOF4,56,82,36
sub-07,LOF3,56,81,33
sub-07,LOF2,56,80,30
sub-07,LOF1,57,80,27
sub-07,LAC11,75,84,61
sub-07,LAC10,73,84,59
sub-07,LAC9,70,83,58
sub-07,LAC8,68,84,57
sub-07,LAC7,65,83,55
sub-07,LAC6,62,82,55
sub-07,LAC5,59,82,53
sub-07,LAC4,57,81,53
sub-07,LAC3,54,81,52
sub-07,LAC2,51,80,51
sub-07,LAC1,49,80,49
sub-07,LPH13,70,17,47
sub-07,LPH12,66,36,35
sub-07,LPH11,66,38,33
sub-07,LPH10,65,41,32
sub-07,LPH9,65,43,30
sub-07,LPH8,64,46,28
sub-07,LPH7,64,48,27
sub-07,LPH6,63,51,25
sub-07,LPH5,63,53,24
sub-07,LPH4,63,56,22
sub-07,LPH3,62,58,20
sub-07,LPH2,62,61,19
sub-07,LPH1,61,63,17
sub-07,LPC12,75,32,57
sub-07,LPC11,72,34,57
sub-07,LPC10,70,35,57
sub-07,LPC9,67,37,57
sub-07,LPC8,65,38,57
sub-07,LPC7,63,40,56
sub-07,LPC6,60,42,56
sub-07,LPC5,58,43,56
sub-07,LPC4,55,45,56
sub-07,LPC3,53,46,56
sub-07,LPC2,51,48,56
sub-07,LPC1,48,49,55
sub-07,RAI8,30,77,59
sub-07,RAI7,30,76,56
sub-07,RAI6,30,75,53
sub-07,RAI5,29,73,50
sub-07,RAI4,29,72,48
sub-07,RAI3,29,71,45
sub-07,RAI2,29,69,41
sub-07,RAI1,28,68,38
sub-07,RPI9,32,30,76
sub-07,RPI8,28,53,50
sub-07,RPI7,27,55,48
sub-07,RPI6,27,58,46
sub-07,RPI5,26,59,43
sub-07,RPI4,26,61,41
sub-07,RPI3,25,63,39
sub-07,RPI2,25,65,37
sub-07,RPI1,24,67,34
sub-07,RA8,12,67,30
sub-07,RA7,14,66,30
sub-07,RA6,17,65,29
sub-07,RA5,20,65,28
sub-07,RA4,22,64,27
sub-07,RA3,25,63,26
sub-07,RA2,27,62,26
sub-07,RA1,30,61,24
sub-07,RH8,10,60,36
sub-07,RH7,13,59,35
sub-07,RH6,16,58,33
sub-07,RH5,18,58,33
sub-07,RH4,21,57,32
sub-07,RH3,24,57,31
sub-07,RH2,26,56,30
sub-07,RH1,29,55,29
sub-07,ROF12,37,94,59
sub-07,ROF11,36,93,57
sub-07,ROF10,36,92,54
sub-07,ROF9,35,90,51
sub-07,ROF8,35,89,48
sub-07,ROF7,34,88,45
sub-07,ROF6,34,87,42
sub-07,ROF5,34,86,39
sub-07,ROF4,34,85,36
sub-07,ROF3,34,84,33
sub-07,ROF2,34,83,30
sub-07,ROF1,34,82,27
sub-07,RAC10,18,86,59
sub-07,RAC9,20,85,58
sub-07,RAC8,23,84,57
sub-07,RAC7,26,83,56
sub-07,RAC6,29,82,56
sub-07,RAC5,31,82,55
sub-07,RAC4,34,81,55
sub-07,RAC3,37,80,54
sub-07,RAC2,39,79,54
sub-07,RAC1,42,78,52
sub-07,RPC10,19,44,70
sub-07,RPC9,22,45,68
sub-07,RPC8,24,46,67
sub-07,RPC7,27,47,65
sub-07,RPC6,29,47,64
sub-07,RPC5,32,48,62
sub-07,RPC4,34,49,61
sub-07,RPC3,36,50,59
sub-07,RPC2,39,51,58
sub-07,RPC1,42,52,57
sub-07,RPH13,16,24,49
sub-07,RPH12,21,40,36
sub-07,RPH11,21,42,34
sub-07,RPH10,22,45,32
sub-07,RPH9,23,47,30
sub-07,RPH8,23,49,28
sub-07,RPH7,24,52,26
sub-07,RPH6,25,54,25
sub-07,RPH5,26,57,23
sub-07,RPH4,26,59,21
sub-07,RPH3,27,61,19
sub-07,RPH2,28,63,18
sub-07,RPH1,29,66,16
sub-08,S9,62,42,80
sub-08,S8,61,51,58
sub-08,S7,61,52,55
sub-08,S6,61,53,53
sub-08,S5,61,55,50
sub-08,S4,61,56,47
sub-08,S3,61,57,45
sub-08,S2,61,58,43
sub-08,S1,61,60,40
sub-08,L9,52,77,68
sub-08,L8,55,73,54
sub-08,L7,56,72,52
sub-08,L6,57,72,49
sub-08,L5,58,71,46
sub-08,L4,59,71,44
sub-08,L3,59,70,41
sub-08,L2,60,69,39
sub-08,L1,62,69,36
sub-08,Mi9,56,69,79
sub-08,Mi8,59,66,58
sub-08,Mi7,59,66,55
sub-08,Mi6,59,65,52
sub-08,Mi5,59,65,49
sub-08,Mi4,60,65,46
sub-08,Mi3,61,65,43
sub-08,Mi2,62,65,40
sub-08,Mi1,62,64,37
sub-08,A8,77,61,30
sub-08,A7,74,61,29
sub-08,A6,71,60,29
sub-08,A5,68,60,29
sub-08,A4,66,60,28
sub-08,A3,63,60,28
sub-08,A2,61,60,27
sub-08,A1,58,60,26
sub-08,Op12,69,76,72
sub-08,Op11,69,76,69
sub-08,Op10,70,75,66
sub-08,Op9,70,74,63
sub-08,Op8,70,73,61
sub-08,Op7,70,72,57
sub-08,Op6,71,72,54
sub-08,Op5,72,71,52
sub-08,Op4,73,70,49
sub-08,Op3,74,70,46
sub-08,Op2,74,70,44
sub-08,Op1,75,69,41
sub-08,H8,77,57,38
sub-08,H7,74,57,37
sub-08,H6,72,56,35
sub-08,H5,69,56,34
sub-08,H4,67,55,32
sub-08,H3,65,55,31
sub-08,H2,63,54,30
sub-08,H1,60,53,28
sub-08,FOr9,55,73,78
sub-08,FOr8,59,73,50
sub-08,FOr7,60,73,47
sub-08,FOr6,61,73,44
sub-08,FOr5,62,73,41
sub-08,FOr4,62,73,38
sub-08,FOr3,63,73,36
sub-08,FOr2,63,73,33
sub-08,FOr1,65,73,30
sub-08,Or12,63,83,64
sub-08,Or11,63,83,60
sub-08,Or10,64,83,57
sub-08,Or9,65,83,54
sub-08,Or8,65,83,51
sub-08,Or6,66,83,46
sub-08,Or5,67,82,43
sub-08,Or4,67,82,40
sub-08,Or3,68,82,37
sub-08,Or2,68,82,34
sub-08,Or1,68,82,32
sub-08,T11,61,78,69
sub-08,T10,62,78,64
sub-08,T9,63,78,60
sub-08,T8,65,77,58
sub-08,T7,67,77,56
sub-08,T6,68,77,53
sub-08,T5,69,77,50
sub-08,T4,70,77,48
sub-08,T3,72,77,46
sub-08,T2,73,77,43
sub-08,T1,74,76,40
sub-08,AC9,68,72,65
sub-08,AC8,65,71,64
sub-08,AC7,62,70,62
sub-08,AC6,60,69,61
sub-08,AC5,58,68,60
sub-08,AC4,55,67,59
sub-08,AC3,53,67,57
sub-08,AC2,51,66,56
sub-08,AC1,49,65,55
sub-08,SMA10,72,64,66
sub-08,SMA9,69,64,66
sub-08,SMA8,67,64,66
sub-08,SMA7,64,64,67
sub-08,SMA6,61,64,67
sub-08,SMA5,58,64,67
sub-08,SMA4,55,64,67
sub-08,SMA3,53,64,67
sub-08,SMA2,50,63,66
sub-08,SMA1,48,63,66
sub-08,Pi13,66,30,70
sub-08,Pi12,65,41,59
sub-08,Pi11,65,43,57
sub-08,Pi10,65,45,55
sub-08,Pi9,65,47,53
sub-08,Pi8,65,48,51
sub-08,Pi7,65,50,49
sub-08,Pi6,65,52,47
sub-08,Pi5,64,54,45
sub-08,Pi4,64,56,43
sub-08,Pi3,65,58,41
sub-08,Pi2,65,60,39
sub-08,Pi1,65,62,38
sub-08,Ca12,70,84,57
sub-08,Ca11,69,83,55
sub-08,Ca10,67,82,53
sub-08,Ca9,66,81,51
sub-08,Ca8,64,80,49
sub-08,Ca7,63,80,47
sub-08,Ca6,61,79,45
sub-08,Ca5,60,78,43
sub-08,Ca4,58,77,40
sub-08,Ca3,57,76,38
sub-08,Ca2,55,75,36
sub-08,Ca1,54,74,34
sub-08,PC12,77,49,56
sub-08,PC11,74,49,56
sub-08,PC10,71,49,56
sub-08,PC9,68,49,56
sub-08,PC8,65,49,56
sub-08,PC7,63,49,56
sub-08,PC6,60,49,56
sub-08,PC5,58,49,56
sub-08,PC4,55,50,56
sub-08,PC3,52,50,56
sub-08,PC2,50,50,57
sub-08,PC1,47,50,56
sub-08,FP13,70,83,52
sub-08,FP12,68,83,50
sub-08,FP10,64,84,46
sub-08,FP9,63,84,45
sub-08,FP8,61,84,42
sub-08,FP7,59,85,40
sub-08,FP6,57,85,38
sub-08,FP5,55,86,36
sub-08,FP4,53,86,34
sub-08,FP3,52,87,32
sub-08,FP2,49,87,30
sub-08,FP1,47,88,28
sub-08,OF12,54,83,62
sub-08,OF11,54,83,59
sub-08,OF10,54,83,56
sub-08,OF9,54,82,53
sub-08,OF8,54,82,50
sub-08,OF7,54,82,47
sub-08,OF6,54,82,45
sub-08,OF5,55,82,42
sub-08,OF4,55,81,39
sub-08,OF3,56,81,36
sub-08,OF2,56,81,33
sub-08,OF1,56,81,30