name	type	units	low_cutoff	high_cutoff	description	sampling_frequency	status	status_description
FP1	EEG	µV	0.0	2048.0	ElectroEncephaloGram	4096.0	good	n/a
FP2	EEG	µV	0.0	2048.0	ElectroEncephaloGram	4096.0	good	n/a
FP3	EEG	µV	0.0	2048.0	ElectroEncephaloGram	4096.0	good	n/a
FP4	EEG	µV	0.0	2048.0	ElectroEncephaloGram	4096.0	good	n/a
FP5	EEG	µV	0.0	2048.0	ElectroEncephaloGram	4096.0	good	n/a
FP6	EEG	µV	0.0	2048.0	ElectroEncephaloGram	4096.0	good	n/a
FP7	EEG	µV	0.0	2048.0	ElectroEncephaloGram	4096.0	good	n/a
FP8	EEG	µV	0.0	2048.0	ElectroEncephaloGram	4096.0	good	n/a
FP9	EEG	µV	0.0	2048.0	ElectroEncephaloGram	4096.0	good	n/a
FP10	EEG	µV	0.0	2048.0	ElectroEncephaloGram	4096.0	good	n/a
FP11	EEG	µV	0.0	2048.0	ElectroEncephaloGram	4096.0	good	n/a
FP12	EEG	µV	0.0	2048.0	ElectroEncephaloGram	4096.0	good	n/a
OF1	EEG	µV	0.0	2048.0	ElectroEncephaloGram	4096.0	good	n/a
OF2	EEG	µV	0.0	2048.0	ElectroEncephaloGram	4096.0	good	n/a
OF3	EEG	µV	0.0	2048.0	ElectroEncephaloGram	4096.0	good	n/a
OF4	EEG	µV	0.0	2048.0	ElectroEncephaloGram	4096.0	good	n/a
OF5	EEG	µV	0.0	2048.0	ElectroEncephaloGram	4096.0	good	n/a
OF6	EEG	µV	0.0	2048.0	ElectroEncephaloGram	4096.0	good	n/a
OF7	EEG	µV	0.0	2048.0	ElectroEncephaloGram	4096.0	good	n/a
OF8	EEG	µV	0.0	2048.0	ElectroEncephaloGram	4096.0	good	n/a
OF9	EEG	µV	0.0	2048.0	ElectroEncephaloGram	4096.0	good	n/a
OF10	EEG	µV	0.0	2048.0	ElectroEncephaloGram	4096.0	good	n/a
OF11	EEG	µV	0.0	2048.0	ElectroEncephaloGram	4096.0	good	n/a
OF12	EEG	µV	0.0	2048.0	ElectroEncephaloGram	4096.0	good	n/a
FOr1	EEG	µV	0.0	2048.0	ElectroEncephaloGram	4096.0	good	n/a
FOr2	EEG	µV	0.0	2048.0	ElectroEncephaloGram	4096.0	good	n/a
FOr3	EEG	µV	0.0	2048.0	ElectroEncephaloGram	4096.0	good	n/a
FOr4	EEG	µV	0.0	2048.0	ElectroEncephaloGram	4096.0	good	n/a
FOr5	EEG	µV	0.0	2048.0	ElectroEncephaloGram	4096.0	good	n/a
FOr6	EEG	µV	0.0	2048.0	ElectroEncephaloGram	4096.0	good	n/a
FOr7	EEG	µV	0.0	2048.0	ElectroEncephaloGram	4096.0	good	n/a
FOr8	EEG	µV	0.0	2048.0	ElectroEncephaloGram	4096.0	good	n/a
Or1	EEG	µV	0.0	2048.0	ElectroEncephaloGram	4096.0	good	n/a
Or2	EEG	µV	0.0	2048.0	ElectroEncephaloGram	4096.0	good	n/a
Or3	EEG	µV	0.0	2048.0	ElectroEncephaloGram	4096.0	good	n/a
Or4	EEG	µV	0.0	2048.0	ElectroEncephaloGram	4096.0	good	n/a
Or5	EEG	µV	0.0	2048.0	ElectroEncephaloGram	4096.0	good	n/a
Or6	EEG	µV	0.0	2048.0	ElectroEncephaloGram	4096.0	good	n/a
Or7	EEG	µV	0.0	2048.0	ElectroEncephaloGram	4096.0	good	n/a
Or8	EEG	µV	0.0	2048.0	ElectroEncephaloGram	4096.0	good	n/a
Or9	EEG	µV	0.0	2048.0	ElectroEncephaloGram	4096.0	good	n/a
Or10	EEG	µV	0.0	2048.0	ElectroEncephaloGram	4096.0	good	n/a
Or11	EEG	µV	0.0	2048.0	ElectroEncephaloGram	4096.0	good	n/a
Or12	EEG	µV	0.0	2048.0	ElectroEncephaloGram	4096.0	good	n/a
T1	EEG	µV	0.0	2048.0	ElectroEncephaloGram	4096.0	good	n/a
T2	EEG	µV	0.0	2048.0	ElectroEncephaloGram	4096.0	good	n/a
T3	EEG	µV	0.0	2048.0	ElectroEncephaloGram	4096.0	good	n/a
T4	EEG	µV	0.0	2048.0	ElectroEncephaloGram	4096.0	good	n/a
T5	EEG	µV	0.0	2048.0	ElectroEncephaloGram	4096.0	good	n/a
T6	EEG	µV	0.0	2048.0	ElectroEncephaloGram	4096.0	good	n/a
T7-0	EEG	µV	0.0	2048.0	ElectroEncephaloGram	4096.0	good	n/a
T8-0	EEG	µV	0.0	2048.0	ElectroEncephaloGram	4096.0	good	n/a
T9	EEG	µV	0.0	2048.0	ElectroEncephaloGram	4096.0	good	n/a
T10	EEG	µV	0.0	2048.0	ElectroEncephaloGram	4096.0	good	n/a
T11	EEG	µV	0.0	2048.0	ElectroEncephaloGram	4096.0	good	n/a
T12	EEG	µV	0.0	2048.0	ElectroEncephaloGram	4096.0	good	n/a
Op1	EEG	µV	0.0	2048.0	ElectroEncephaloGram	4096.0	good	n/a
Op2	EEG	µV	0.0	2048.0	ElectroEncephaloGram	4096.0	good	n/a
Op3	EEG	µV	0.0	2048.0	ElectroEncephaloGram	4096.0	good	n/a
Op4	EEG	µV	0.0	2048.0	ElectroEncephaloGram	4096.0	good	n/a
Op5	EEG	µV	0.0	2048.0	ElectroEncephaloGram	4096.0	good	n/a
Op6	EEG	µV	0.0	2048.0	ElectroEncephaloGram	4096.0	good	n/a
Op7	EEG	µV	0.0	2048.0	ElectroEncephaloGram	4096.0	good	n/a
Op8	EEG	µV	0.0	2048.0	ElectroEncephaloGram	4096.0	good	n/a
Op9	EEG	µV	0.0	2048.0	ElectroEncephaloGram	4096.0	good	n/a
Op10	EEG	µV	0.0	2048.0	ElectroEncephaloGram	4096.0	good	n/a
Op11	EEG	µV	0.0	2048.0	ElectroEncephaloGram	4096.0	good	n/a
Op12	EEG	µV	0.0	2048.0	ElectroEncephaloGram	4096.0	good	n/a
Ca1	EEG	µV	0.0	2048.0	ElectroEncephaloGram	4096.0	good	n/a
Ca2	EEG	µV	0.0	2048.0	ElectroEncephaloGram	4096.0	good	n/a
Ca3	EEG	µV	0.0	2048.0	ElectroEncephaloGram	4096.0	good	n/a
Ca4	EEG	µV	0.0	2048.0	ElectroEncephaloGram	4096.0	good	n/a
Ca5	EEG	µV	0.0	2048.0	ElectroEncephaloGram	4096.0	good	n/a
Ca6	EEG	µV	0.0	2048.0	ElectroEncephaloGram	4096.0	good	n/a
Ca7	EEG	µV	0.0	2048.0	ElectroEncephaloGram	4096.0	good	n/a
Ca8	EEG	µV	0.0	2048.0	ElectroEncephaloGram	4096.0	good	n/a
Ca9	EEG	µV	0.0	2048.0	ElectroEncephaloGram	4096.0	good	n/a
Ca10	EEG	µV	0.0	2048.0	ElectroEncephaloGram	4096.0	good	n/a
Ca11	EEG	µV	0.0	2048.0	ElectroEncephaloGram	4096.0	good	n/a
Ca12	EEG	µV	0.0	2048.0	ElectroEncephaloGram	4096.0	good	n/a
AC1	EEG	µV	0.0	2048.0	ElectroEncephaloGram	4096.0	good	n/a
AC2	EEG	µV	0.0	2048.0	ElectroEncephaloGram	4096.0	good	n/a
AC3	EEG	µV	0.0	2048.0	ElectroEncephaloGram	4096.0	good	n/a
AC4	EEG	µV	0.0	2048.0	ElectroEncephaloGram	4096.0	good	n/a
AC5	EEG	µV	0.0	2048.0	ElectroEncephaloGram	4096.0	good	n/a
AC6	EEG	µV	0.0	2048.0	ElectroEncephaloGram	4096.0	good	n/a
AC7	EEG	µV	0.0	2048.0	ElectroEncephaloGram	4096.0	good	n/a
AC8	EEG	µV	0.0	2048.0	ElectroEncephaloGram	4096.0	good	n/a
AC9	EEG	µV	0.0	2048.0	ElectroEncephaloGram	4096.0	good	n/a
AC10	EEG	µV	0.0	2048.0	ElectroEncephaloGram	4096.0	good	n/a
AC11	EEG	µV	0.0	2048.0	ElectroEncephaloGram	4096.0	good	n/a
AC12	EEG	µV	0.0	2048.0	ElectroEncephaloGram	4096.0	good	n/a
A1	EEG	µV	0.0	2048.0	ElectroEncephaloGram	4096.0	good	n/a
A2	EEG	µV	0.0	2048.0	ElectroEncephaloGram	4096.0	good	n/a
A3	EEG	µV	0.0	2048.0	ElectroEncephaloGram	4096.0	good	n/a
A4	EEG	µV	0.0	2048.0	ElectroEncephaloGram	4096.0	good	n/a
A5	EEG	µV	0.0	2048.0	ElectroEncephaloGram	4096.0	good	n/a
A6	EEG	µV	0.0	2048.0	ElectroEncephaloGram	4096.0	good	n/a
A7	EEG	µV	0.0	2048.0	ElectroEncephaloGram	4096.0	good	n/a
A8	EEG	µV	0.0	2048.0	ElectroEncephaloGram	4096.0	good	n/a
H1	EEG	µV	0.0	2048.0	ElectroEncephaloGram	4096.0	good	n/a
H2	EEG	µV	0.0	2048.0	ElectroEncephaloGram	4096.0	good	n/a
H3	EEG	µV	0.0	2048.0	ElectroEncephaloGram	4096.0	good	n/a
H4	EEG	µV	0.0	2048.0	ElectroEncephaloGram	4096.0	good	n/a
H5	EEG	µV	0.0	2048.0	ElectroEncephaloGram	4096.0	good	n/a
H6	EEG	µV	0.0	2048.0	ElectroEncephaloGram	4096.0	good	n/a
H7	EEG	µV	0.0	2048.0	ElectroEncephaloGram	4096.0	good	n/a
H8	EEG	µV	0.0	2048.0	ElectroEncephaloGram	4096.0	good	n/a
L1	EEG	µV	0.0	2048.0	ElectroEncephaloGram	4096.0	good	n/a
L2	EEG	µV	0.0	2048.0	ElectroEncephaloGram	4096.0	good	n/a
L3	EEG	µV	0.0	2048.0	ElectroEncephaloGram	4096.0	good	n/a
L4	EEG	µV	0.0	2048.0	ElectroEncephaloGram	4096.0	good	n/a
L5	EEG	µV	0.0	2048.0	ElectroEncephaloGram	4096.0	good	n/a
L6	EEG	µV	0.0	2048.0	ElectroEncephaloGram	4096.0	good	n/a
L7	EEG	µV	0.0	2048.0	ElectroEncephaloGram	4096.0	good	n/a
L8	EEG	µV	0.0	2048.0	ElectroEncephaloGram	4096.0	good	n/a
Mi1	EEG	µV	0.0	2048.0	ElectroEncephaloGram	4096.0	good	n/a
Mi2	EEG	µV	0.0	2048.0	ElectroEncephaloGram	4096.0	good	n/a
Mi3	EEG	µV	0.0	2048.0	ElectroEncephaloGram	4096.0	good	n/a
Mi4	EEG	µV	0.0	2048.0	ElectroEncephaloGram	4096.0	good	n/a
Mi5	EEG	µV	0.0	2048.0	ElectroEncephaloGram	4096.0	good	n/a
Mi6	EEG	µV	0.0	2048.0	ElectroEncephaloGram	4096.0	good	n/a
Mi7	EEG	µV	0.0	2048.0	ElectroEncephaloGram	4096.0	good	n/a
Mi8	EEG	µV	0.0	2048.0	ElectroEncephaloGram	4096.0	good	n/a
Pi1	EEG	µV	0.0	2048.0	ElectroEncephaloGram	4096.0	good	n/a
Pi2	EEG	µV	0.0	2048.0	ElectroEncephaloGram	4096.0	good	n/a
Pi3	EEG	µV	0.0	2048.0	ElectroEncephaloGram	4096.0	good	n/a
Pi4	EEG	µV	0.0	2048.0	ElectroEncephaloGram	4096.0	good	n/a
Pi5	EEG	µV	0.0	2048.0	ElectroEncephaloGram	4096.0	good	n/a
Pi6	EEG	µV	0.0	2048.0	ElectroEncephaloGram	4096.0	good	n/a
Pi7	EEG	µV	0.0	2048.0	ElectroEncephaloGram	4096.0	good	n/a
Pi8	EEG	µV	0.0	2048.0	ElectroEncephaloGram	4096.0	good	n/a
Pi9	EEG	µV	0.0	2048.0	ElectroEncephaloGram	4096.0	good	n/a
Pi10	EEG	µV	0.0	2048.0	ElectroEncephaloGram	4096.0	good	n/a
Pi11	EEG	µV	0.0	2048.0	ElectroEncephaloGram	4096.0	good	n/a
Pi12	EEG	µV	0.0	2048.0	ElectroEncephaloGram	4096.0	good	n/a
SMA1	EEG	µV	0.0	2048.0	ElectroEncephaloGram	4096.0	good	n/a
SMA2	EEG	µV	0.0	2048.0	ElectroEncephaloGram	4096.0	good	n/a
SMA3	EEG	µV	0.0	2048.0	ElectroEncephaloGram	4096.0	good	n/a
SMA4	EEG	µV	0.0	2048.0	ElectroEncephaloGram	4096.0	good	n/a
SMA5	EEG	µV	0.0	2048.0	ElectroEncephaloGram	4096.0	good	n/a
SMA6	EEG	µV	0.0	2048.0	ElectroEncephaloGram	4096.0	good	n/a
SMA7	EEG	µV	0.0	2048.0	ElectroEncephaloGram	4096.0	good	n/a
SMA8	EEG	µV	0.0	2048.0	ElectroEncephaloGram	4096.0	good	n/a
SMA9	EEG	µV	0.0	2048.0	ElectroEncephaloGram	4096.0	good	n/a
SMA10	EEG	µV	0.0	2048.0	ElectroEncephaloGram	4096.0	good	n/a
SMA11	EEG	µV	0.0	2048.0	ElectroEncephaloGram	4096.0	good	n/a
SMA12	EEG	µV	0.0	2048.0	ElectroEncephaloGram	4096.0	good	n/a
PC1	EEG	µV	0.0	2048.0	ElectroEncephaloGram	4096.0	good	n/a
PC2	EEG	µV	0.0	2048.0	ElectroEncephaloGram	4096.0	good	n/a
PC3	EEG	µV	0.0	2048.0	ElectroEncephaloGram	4096.0	good	n/a
PC4	EEG	µV	0.0	2048.0	ElectroEncephaloGram	4096.0	good	n/a
PC5	EEG	µV	0.0	2048.0	ElectroEncephaloGram	4096.0	good	n/a
PC6	EEG	µV	0.0	2048.0	ElectroEncephaloGram	4096.0	good	n/a
PC7	EEG	µV	0.0	2048.0	ElectroEncephaloGram	4096.0	good	n/a
PC8	EEG	µV	0.0	2048.0	ElectroEncephaloGram	4096.0	good	n/a
PC9	EEG	µV	0.0	2048.0	ElectroEncephaloGram	4096.0	good	n/a
PC10	EEG	µV	0.0	2048.0	ElectroEncephaloGram	4096.0	good	n/a
PC11	EEG	µV	0.0	2048.0	ElectroEncephaloGram	4096.0	good	n/a
PC12	EEG	µV	0.0	2048.0	ElectroEncephaloGram	4096.0	good	n/a
S1	EEG	µV	0.0	2048.0	ElectroEncephaloGram	4096.0	good	n/a
S2	EEG	µV	0.0	2048.0	ElectroEncephaloGram	4096.0	good	n/a
S3	EEG	µV	0.0	2048.0	ElectroEncephaloGram	4096.0	good	n/a
S4	EEG	µV	0.0	2048.0	ElectroEncephaloGram	4096.0	good	n/a
S5	EEG	µV	0.0	2048.0	ElectroEncephaloGram	4096.0	good	n/a
S6	EEG	µV	0.0	2048.0	ElectroEncephaloGram	4096.0	good	n/a
S7	EEG	µV	0.0	2048.0	ElectroEncephaloGram	4096.0	good	n/a
S8	EEG	µV	0.0	2048.0	ElectroEncephaloGram	4096.0	good	n/a
ECG1	EEG	µV	0.0	2048.0	ElectroEncephaloGram	4096.0	good	n/a
ECG2	EEG	µV	0.0	2048.0	ElectroEncephaloGram	4096.0	good	n/a
FP1'	EEG	µV	0.0	2048.0	ElectroEncephaloGram	4096.0	good	n/a
FP2'	EEG	µV	0.0	2048.0	ElectroEncephaloGram	4096.0	good	n/a
F7	EEG	µV	0.0	2048.0	ElectroEncephaloGram	4096.0	good	n/a
F8	EEG	µV	0.0	2048.0	ElectroEncephaloGram	4096.0	good	n/a
T7-1	EEG	µV	0.0	2048.0	ElectroEncephaloGram	4096.0	good	n/a
T8-1	EEG	µV	0.0	2048.0	ElectroEncephaloGram	4096.0	good	n/a
O1	EEG	µV	0.0	2048.0	ElectroEncephaloGram	4096.0	good	n/a
O2	EEG	µV	0.0	2048.0	ElectroEncephaloGram	4096.0	good	n/a
F3	EEG	µV	0.0	2048.0	ElectroEncephaloGram	4096.0	good	n/a
F4	EEG	µV	0.0	2048.0	ElectroEncephaloGram	4096.0	good	n/a
C3	EEG	µV	0.0	2048.0	ElectroEncephaloGram	4096.0	good	n/a
C4	EEG	µV	0.0	2048.0	ElectroEncephaloGram	4096.0	good	n/a
CZ	EEG	µV	0.0	2048.0	ElectroEncephaloGram	4096.0	good	n/a
E1	EEG	µV	0.0	2048.0	ElectroEncephaloGram	4096.0	good	n/a
E2	EEG	µV	0.0	2048.0	ElectroEncephaloGram	4096.0	good	n/a
C186	EEG	µV	0.0	2048.0	ElectroEncephaloGram	4096.0	good	n/a
C187	EEG	µV	0.0	2048.0	ElectroEncephaloGram	4096.0	good	n/a
C188	EEG	µV	0.0	2048.0	ElectroEncephaloGram	4096.0	good	n/a
C189	EEG	µV	0.0	2048.0	ElectroEncephaloGram	4096.0	good	n/a
C190	EEG	µV	0.0	2048.0	ElectroEncephaloGram	4096.0	good	n/a
C191	EEG	µV	0.0	2048.0	ElectroEncephaloGram	4096.0	good	n/a
C192	EEG	µV	0.0	2048.0	ElectroEncephaloGram	4096.0	good	n/a
C193	EEG	µV	0.0	2048.0	ElectroEncephaloGram	4096.0	good	n/a
C194	EEG	µV	0.0	2048.0	ElectroEncephaloGram	4096.0	good	n/a
C195	EEG	µV	0.0	2048.0	ElectroEncephaloGram	4096.0	good	n/a
C196	EEG	µV	0.0	2048.0	ElectroEncephaloGram	4096.0	good	n/a
C197	EEG	µV	0.0	2048.0	ElectroEncephaloGram	4096.0	good	n/a
C198	EEG	µV	0.0	2048.0	ElectroEncephaloGram	4096.0	good	n/a
C199	EEG	µV	0.0	2048.0	ElectroEncephaloGram	4096.0	good	n/a
C200	EEG	µV	0.0	2048.0	ElectroEncephaloGram	4096.0	good	n/a
C201	EEG	µV	0.0	2048.0	ElectroEncephaloGram	4096.0	good	n/a
C202	EEG	µV	0.0	2048.0	ElectroEncephaloGram	4096.0	good	n/a
C203	EEG	µV	0.0	2048.0	ElectroEncephaloGram	4096.0	good	n/a
C204	EEG	µV	0.0	2048.0	ElectroEncephaloGram	4096.0	good	n/a
C205	EEG	µV	0.0	2048.0	ElectroEncephaloGram	4096.0	good	n/a
C206	EEG	µV	0.0	2048.0	ElectroEncephaloGram	4096.0	good	n/a
C207	EEG	µV	0.0	2048.0	ElectroEncephaloGram	4096.0	good	n/a
C208	EEG	µV	0.0	2048.0	ElectroEncephaloGram	4096.0	good	n/a
C209	EEG	µV	0.0	2048.0	ElectroEncephaloGram	4096.0	good	n/a
C210	EEG	µV	0.0	2048.0	ElectroEncephaloGram	4096.0	good	n/a
C211	EEG	µV	0.0	2048.0	ElectroEncephaloGram	4096.0	good	n/a
C212	EEG	µV	0.0	2048.0	ElectroEncephaloGram	4096.0	good	n/a
C213	EEG	µV	0.0	2048.0	ElectroEncephaloGram	4096.0	good	n/a
C214	EEG	µV	0.0	2048.0	ElectroEncephaloGram	4096.0	good	n/a
C215	EEG	µV	0.0	2048.0	ElectroEncephaloGram	4096.0	good	n/a
C216	EEG	µV	0.0	2048.0	ElectroEncephaloGram	4096.0	good	n/a
C217	EEG	µV	0.0	2048.0	ElectroEncephaloGram	4096.0	good	n/a
C218	EEG	µV	0.0	2048.0	ElectroEncephaloGram	4096.0	good	n/a
C219	EEG	µV	0.0	2048.0	ElectroEncephaloGram	4096.0	good	n/a
C220	EEG	µV	0.0	2048.0	ElectroEncephaloGram	4096.0	good	n/a
C221	EEG	µV	0.0	2048.0	ElectroEncephaloGram	4096.0	good	n/a
C222	EEG	µV	0.0	2048.0	ElectroEncephaloGram	4096.0	good	n/a
C223	EEG	µV	0.0	2048.0	ElectroEncephaloGram	4096.0	good	n/a
C224	EEG	µV	0.0	2048.0	ElectroEncephaloGram	4096.0	good	n/a
C225	EEG	µV	0.0	2048.0	ElectroEncephaloGram	4096.0	good	n/a
C226	EEG	µV	0.0	2048.0	ElectroEncephaloGram	4096.0	good	n/a
C227	EEG	µV	0.0	2048.0	ElectroEncephaloGram	4096.0	good	n/a
C228	EEG	µV	0.0	2048.0	ElectroEncephaloGram	4096.0	good	n/a
C229	EEG	µV	0.0	2048.0	ElectroEncephaloGram	4096.0	good	n/a
C230	EEG	µV	0.0	2048.0	ElectroEncephaloGram	4096.0	good	n/a
C231	EEG	µV	0.0	2048.0	ElectroEncephaloGram	4096.0	good	n/a
C232	EEG	µV	0.0	2048.0	ElectroEncephaloGram	4096.0	good	n/a
C233	EEG	µV	0.0	2048.0	ElectroEncephaloGram	4096.0	good	n/a
C234	EEG	µV	0.0	2048.0	ElectroEncephaloGram	4096.0	good	n/a
C235	EEG	µV	0.0	2048.0	ElectroEncephaloGram	4096.0	good	n/a
C236	EEG	µV	0.0	2048.0	ElectroEncephaloGram	4096.0	good	n/a
C237	EEG	µV	0.0	2048.0	ElectroEncephaloGram	4096.0	good	n/a
C238	EEG	µV	0.0	2048.0	ElectroEncephaloGram	4096.0	good	n/a
C239	EEG	µV	0.0	2048.0	ElectroEncephaloGram	4096.0	good	n/a
C240	EEG	µV	0.0	2048.0	ElectroEncephaloGram	4096.0	good	n/a
C241	EEG	µV	0.0	2048.0	ElectroEncephaloGram	4096.0	good	n/a
C242	EEG	µV	0.0	2048.0	ElectroEncephaloGram	4096.0	good	n/a
C243	EEG	µV	0.0	2048.0	ElectroEncephaloGram	4096.0	good	n/a
C244	EEG	µV	0.0	2048.0	ElectroEncephaloGram	4096.0	good	n/a
C245	EEG	µV	0.0	2048.0	ElectroEncephaloGram	4096.0	good	n/a
C246	EEG	µV	0.0	2048.0	ElectroEncephaloGram	4096.0	good	n/a
C247	EEG	µV	0.0	2048.0	ElectroEncephaloGram	4096.0	good	n/a
C248	EEG	µV	0.0	2048.0	ElectroEncephaloGram	4096.0	good	n/a
C249	EEG	µV	0.0	2048.0	ElectroEncephaloGram	4096.0	good	n/a
C250	EEG	µV	0.0	2048.0	ElectroEncephaloGram	4096.0	good	n/a
C251	EEG	µV	0.0	2048.0	ElectroEncephaloGram	4096.0	good	n/a
C252	EEG	µV	0.0	2048.0	ElectroEncephaloGram	4096.0	good	n/a
C253	EEG	µV	0.0	2048.0	ElectroEncephaloGram	4096.0	good	n/a
C254	EEG	µV	0.0	2048.0	ElectroEncephaloGram	4096.0	good	n/a
C255	EEG	µV	0.0	2048.0	ElectroEncephaloGram	4096.0	good	n/a
C256	EEG	µV	0.0	2048.0	ElectroEncephaloGram	4096.0	good	n/a
DC1	EEG	µV	0.0	2048.0	ElectroEncephaloGram	4096.0	good	n/a
DC2	EEG	µV	0.0	2048.0	ElectroEncephaloGram	4096.0	good	n/a
DC3	EEG	µV	0.0	2048.0	ElectroEncephaloGram	4096.0	good	n/a
DC4	EEG	µV	0.0	2048.0	ElectroEncephaloGram	4096.0	good	n/a
DC5	EEG	µV	0.0	2048.0	ElectroEncephaloGram	4096.0	good	n/a
DC6	EEG	µV	0.0	2048.0	ElectroEncephaloGram	4096.0	good	n/a
DC7	EEG	µV	0.0	2048.0	ElectroEncephaloGram	4096.0	good	n/a
DC8	EEG	µV	0.0	2048.0	ElectroEncephaloGram	4096.0	good	n/a
DC9	EEG	µV	0.0	2048.0	ElectroEncephaloGram	4096.0	good	n/a
DC10	EEG	µV	0.0	2048.0	ElectroEncephaloGram	4096.0	good	n/a
DC11	EEG	µV	0.0	2048.0	ElectroEncephaloGram	4096.0	good	n/a
DC12	EEG	µV	0.0	2048.0	ElectroEncephaloGram	4096.0	good	n/a
DC13	EEG	µV	0.0	2048.0	ElectroEncephaloGram	4096.0	good	n/a
DC14	EEG	µV	0.0	2048.0	ElectroEncephaloGram	4096.0	good	n/a
DC15	EEG	µV	0.0	2048.0	ElectroEncephaloGram	4096.0	good	n/a
DC16	EEG	µV	0.0	2048.0	ElectroEncephaloGram	4096.0	good	n/a
TRIG	EEG	n/a	0.0	2048.0	ElectroEncephaloGram	4096.0	good	n/a
OSAT	EEG	n/a	0.0	2048.0	ElectroEncephaloGram	4096.0	good	n/a
PR	EEG	n/a	0.0	2048.0	ElectroEncephaloGram	4096.0	good	n/a
Pleth	EEG	µV	0.0	2048.0	ElectroEncephaloGram	4096.0	good	n/a
